<?xml version="1.0" encoding="utf-8"?>
<COLLADA xmlns="http://www.collada.org/2005/11/COLLADASchema" version="1.4.1" xmlns:xsi="http://www.w3.org/2001/XMLSchema-instance">
  <asset>
    <contributor>
      <author>Blender User</author>
      <authoring_tool>Blender 4.3.2 commit date:2024-12-16, commit time:21:10, hash:32f5fdce0a0a</authoring_tool>
    </contributor>
    <created>2024-12-17T16:33:12</created>
    <modified>2024-12-17T16:33:12</modified>
    <unit name="meter" meter="1"/>
    <up_axis>Z_UP</up_axis>
  </asset>
  <library_cameras>
    <camera id="Camera-camera" name="Camera">
      <optics>
        <technique_common>
          <perspective>
            <xfov sid="xfov">39.59775</xfov>
            <aspect_ratio>1.777778</aspect_ratio>
            <znear sid="znear">0.1</znear>
            <zfar sid="zfar">100</zfar>
          </perspective>
        </technique_common>
      </optics>
      <extra>
        <technique profile="blender">
          <shiftx sid="shiftx" type="float">0</shiftx>
          <shifty sid="shifty" type="float">0</shifty>
          <dof_distance sid="dof_distance" type="float">10</dof_distance>
        </technique>
      </extra>
    </camera>
  </library_cameras>
  <library_lights>
    <light id="Light-light" name="Light">
      <technique_common>
        <point>
          <color sid="color">1000 1000 1000</color>
          <constant_attenuation>1</constant_attenuation>
          <linear_attenuation>0</linear_attenuation>
          <quadratic_attenuation>0</quadratic_attenuation>
        </point>
      </technique_common>
      <extra>
        <technique profile="blender">
          <type sid="type" type="int">0</type>
          <flag sid="flag" type="int">0</flag>
          <mode sid="mode" type="int">2097153</mode>
          <red sid="red" type="float">1</red>
          <green sid="green" type="float">1</green>
          <blue sid="blue" type="float">1</blue>
          <energy sid="blender_energy" type="float">1000</energy>
          <spotsize sid="spotsize" type="float">75</spotsize>
          <spotblend sid="spotblend" type="float">0.15</spotblend>
          <clipsta sid="clipsta" type="float">0.04999995</clipsta>
          <clipend sid="clipend" type="float">40</clipend>
          <radius sid="radius" type="float">0.1</radius>
          <area_shape sid="area_shape" type="int">1</area_shape>
          <area_size sid="area_size" type="float">0.1</area_size>
          <area_sizey sid="area_sizey" type="float">0.1</area_sizey>
          <area_sizez sid="area_sizez" type="float">1</area_sizez>
        </technique>
      </extra>
    </light>
  </library_lights>
  <library_images/>
  <library_geometries>
    <geometry id="ATI_mount_-_Part_1-mesh" name="ATI mount - Part 1">
      <mesh>
        <source id="ATI_mount_-_Part_1-mesh-positions">
          <float_array id="ATI_mount_-_Part_1-mesh-positions-array" count="6837">-1.22018 -88.5 -13.94673 -0.6106714 -88.5 -13.98668 0 -88.5 0 0 -88.5 -14 0.6106714 -88.5 -13.98668 -3.030155 -88.5 -13.66814 -2.431074 -88.5 -13.78731 -1.827367 -88.5 -13.88023 -4.788282 -88.5 -13.1557 -4.209881 -88.5 -13.35204 -3.623467 -88.5 -13.52296 -6.46448 -88.5 -12.41815 -5.916656 -88.5 -12.68831 -5.357568 -88.5 -12.93431 -8.030071 -88.5 -11.46813 -7.522195 -88.5 -11.80748 -7 -88.5 -12.12436 -9.458263 -88.5 -10.32188 -8.999027 -88.5 -10.72462 -8.522661 -88.5 -11.10695 -10.72462 -88.5 -8.999027 -10.32188 -88.5 -9.458263 -9.899496 -88.5 -9.899496 -11.80748 -88.5 -7.522195 -11.46813 -88.5 -8.030071 -11.10695 -88.5 -8.522661 -12.68831 -88.5 -5.916656 -12.41815 -88.5 -6.46448 -12.12436 -88.5 -7 -13.35204 -88.5 -4.209881 -13.1557 -88.5 -4.788282 -12.93431 -88.5 -5.357568 -13.78731 -88.5 -2.431074 -13.66814 -88.5 -3.030155 -13.52296 -88.5 -3.623467 -13.98668 -88.5 -0.6106714 -13.94673 -88.5 -1.22018 -13.88023 -88.5 -1.827367 -13.94673 -88.5 1.22018 -13.98668 -88.5 0.6106714 -14 -88.5 0 -13.66814 -88.5 3.030155 -13.78731 -88.5 2.431074 -13.88023 -88.5 1.827367 -13.1557 -88.5 4.788282 -13.35204 -88.5 4.209881 -13.52296 -88.5 3.623467 -12.41815 -88.5 6.46448 -12.68831 -88.5 5.916656 -12.93431 -88.5 5.357568 -11.46813 -88.5 8.030071 -11.80748 -88.5 7.522195 -12.12436 -88.5 7 -10.32188 -88.5 9.458263 -10.72462 -88.5 8.999027 -11.10695 -88.5 8.522661 -8.999027 -88.5 10.72462 -9.458263 -88.5 10.32188 -9.899496 -88.5 9.899496 -7.522195 -88.5 11.80748 -8.030071 -88.5 11.46813 -8.522661 -88.5 11.10695 -5.916656 -88.5 12.68831 -6.46448 -88.5 12.41815 -7 -88.5 12.12436 -4.209881 -88.5 13.35204 -4.788282 -88.5 13.1557 -5.357568 -88.5 12.93431 -2.431074 -88.5 13.78731 -3.030155 -88.5 13.66814 -3.623467 -88.5 13.52296 -0.6106714 -88.5 13.98668 -1.22018 -88.5 13.94673 -1.827367 -88.5 13.88023 1.22018 -88.5 13.94673 0.6106714 -88.5 13.98668 0 -88.5 14 3.030155 -88.5 13.66814 2.431074 -88.5 13.78731 1.827367 -88.5 13.88023 4.788282 -88.5 13.1557 4.209881 -88.5 13.35204 3.623467 -88.5 13.52296 6.46448 -88.5 12.41815 5.916656 -88.5 12.68831 5.357568 -88.5 12.93431 8.030071 -88.5 11.46813 7.522195 -88.5 11.80748 7 -88.5 12.12436 9.458263 -88.5 10.32188 8.999027 -88.5 10.72462 8.522661 -88.5 11.10695 10.72462 -88.5 8.999027 10.32188 -88.5 9.458263 9.899496 -88.5 9.899496 11.80748 -88.5 7.522195 11.46813 -88.5 8.030071 11.10695 -88.5 8.522661 12.68831 -88.5 5.916656 12.41815 -88.5 6.46448 12.12436 -88.5 7 13.35204 -88.5 4.209881 13.1557 -88.5 4.788282 12.93431 -88.5 5.357568 13.78731 -88.5 2.431074 13.66814 -88.5 3.030155 13.52296 -88.5 3.623467 13.98668 -88.5 0.6106714 13.94673 -88.5 1.22018 13.88023 -88.5 1.827367 13.94673 -88.5 -1.22018 13.98668 -88.5 -0.6106714 14 -88.5 0 13.66814 -88.5 -3.030155 13.78731 -88.5 -2.431074 13.88023 -88.5 -1.827367 13.1557 -88.5 -4.788282 13.35204 -88.5 -4.209881 13.52296 -88.5 -3.623467 12.41815 -88.5 -6.46448 12.68831 -88.5 -5.916656 12.93431 -88.5 -5.357568 11.46813 -88.5 -8.030071 11.80748 -88.5 -7.522195 12.12436 -88.5 -7 10.32188 -88.5 -9.458263 10.72462 -88.5 -8.999027 11.10695 -88.5 -8.522661 8.999027 -88.5 -10.72462 9.458263 -88.5 -10.32188 9.899496 -88.5 -9.899496 7.522195 -88.5 -11.80748 8.030071 -88.5 -11.46813 8.522661 -88.5 -11.10695 5.916656 -88.5 -12.68831 6.46448 -88.5 -12.41815 7 -88.5 -12.12436 4.209881 -88.5 -13.35204 4.788282 -88.5 -13.1557 5.357568 -88.5 -12.93431 2.431074 -88.5 -13.78731 3.030155 -88.5 -13.66814 3.623467 -88.5 -13.52296 1.22018 -88.5 -13.94673 1.827367 -88.5 -13.88023 -17.67767 0 -20.97767 -17.67767 -8.5 -20.97767 -17.53373 0 -20.97453 -17.53373 -8.5 -20.97453 -17.39006 0 -20.96511 -17.39006 -8.5 -20.96511 -17.24693 0 -20.94944 -17.24693 -8.5 -20.94944 -17.10463 0 -20.92754 -17.10463 -8.5 -20.92754 -16.96342 0 -20.89945 -16.96342 -8.5 -20.89945 -16.82357 0 -20.86523 -16.82357 -8.5 -20.86523 -16.68534 0 -20.82494 -16.68534 -8.5 -20.82494 -16.549 0 -20.77866 -16.549 -8.5 -20.77866 -16.41481 0 -20.72647 -16.41481 -8.5 -20.72647 -16.28303 0 -20.66849 -16.28303 -8.5 -20.66849 -16.1539 0 -20.60481 -16.1539 -8.5 -20.60481 -16.02767 0 -20.53555 -16.02767 -8.5 -20.53555 -15.90458 0 -20.46086 -15.90458 -8.5 -20.46086 -15.78487 0 -20.38087 -15.78487 -8.5 -20.38087 -15.66876 0 -20.29574 -15.66876 -8.5 -20.29574 -15.55647 0 -20.20562 -15.55647 -8.5 -20.20562 -15.44822 0 -20.11069 -15.44822 -8.5 -20.11069 -15.34422 0 -20.01112 -15.34422 -8.5 -20.01112 -15.24465 0 -19.90712 -15.24465 -8.5 -19.90712 -15.14972 0 -19.79887 -15.14972 -8.5 -19.79887 -15.0596 0 -19.68658 -15.0596 -8.5 -19.68658 -14.97447 0 -19.57047 -14.97447 -8.5 -19.57047 -14.89448 0 -19.45076 -14.89448 -8.5 -19.45076 -14.81979 0 -19.32767 -14.81979 -8.5 -19.32767 -14.75053 0 -19.20144 -14.75053 -8.5 -19.20144 -14.68685 0 -19.07231 -14.68685 -8.5 -19.07231 -14.62887 0 -18.94053 -14.62887 -8.5 -18.94053 -14.57668 0 -18.80634 -14.57668 -8.5 -18.80634 -14.5304 0 -18.67 -14.5304 -8.5 -18.67 -14.49011 0 -18.53177 -14.49011 -8.5 -18.53177 -14.45589 0 -18.39192 -14.45589 -8.5 -18.39192 -14.4278 0 -18.25071 -14.4278 -8.5 -18.25071 -14.4059 0 -18.10841 -14.4059 -8.5 -18.10841 -14.39023 0 -17.96528 -14.39023 -8.5 -17.96528 -14.38081 0 -17.82161 -14.38081 -8.5 -17.82161 -14.37767 0 -17.67767 -14.37767 -8.5 -17.67767 -14.38081 0 -17.53373 -14.38081 -8.5 -17.53373 -14.39023 0 -17.39006 -14.39023 -8.5 -17.39006 -14.4059 0 -17.24693 -14.4059 -8.5 -17.24693 -14.4278 0 -17.10463 -14.4278 -8.5 -17.10463 -14.45589 0 -16.96342 -14.45589 -8.5 -16.96342 -14.49011 0 -16.82357 -14.49011 -8.5 -16.82357 -14.5304 0 -16.68534 -14.5304 -8.5 -16.68534 -14.57668 0 -16.549 -14.57668 -8.5 -16.549 -14.62887 0 -16.41481 -14.62887 -8.5 -16.41481 -14.68685 0 -16.28303 -14.68685 -8.5 -16.28303 -14.75053 0 -16.1539 -14.75053 -8.5 -16.1539 -14.81979 0 -16.02767 -14.81979 -8.5 -16.02767 -14.89448 0 -15.90458 -14.89448 -8.5 -15.90458 -14.97447 0 -15.78487 -14.97447 -8.5 -15.78487 -15.0596 0 -15.66876 -15.0596 -8.5 -15.66876 -15.14972 0 -15.55647 -15.14972 -8.5 -15.55647 -15.24465 0 -15.44822 -15.24465 -8.5 -15.44822 -15.34422 0 -15.34422 -15.34422 -8.5 -15.34422 -15.44822 0 -15.24465 -15.44822 -8.5 -15.24465 -15.55647 0 -15.14972 -15.55647 -8.5 -15.14972 -15.66876 0 -15.0596 -15.66876 -8.5 -15.0596 -15.78487 0 -14.97447 -15.78487 -8.5 -14.97447 -15.90458 0 -14.89448 -15.90458 -8.5 -14.89448 -16.02767 0 -14.81979 -16.02767 -8.5 -14.81979 -16.1539 0 -14.75053 -16.1539 -8.5 -14.75053 -16.28303 0 -14.68685 -16.28303 -8.5 -14.68685 -16.41481 0 -14.62887 -16.41481 -8.5 -14.62887 -16.549 0 -14.57668 -16.549 -8.5 -14.57668 -16.68534 0 -14.5304 -16.68534 -8.5 -14.5304 -16.82357 0 -14.49011 -16.82357 -8.5 -14.49011 -16.96342 0 -14.45589 -16.96342 -8.5 -14.45589 -17.10463 0 -14.4278 -17.10463 -8.5 -14.4278 -17.24693 0 -14.4059 -17.24693 -8.5 -14.4059 -17.39006 0 -14.39023 -17.39006 -8.5 -14.39023 -17.53373 0 -14.38081 -17.53373 -8.5 -14.38081 -17.67767 0 -14.37767 -17.67767 -8.5 -14.37767 -17.82161 0 -14.38081 -17.82161 -8.5 -14.38081 -17.96528 0 -14.39023 -17.96528 -8.5 -14.39023 -18.10841 0 -14.4059 -18.10841 -8.5 -14.4059 -18.25071 0 -14.4278 -18.25071 -8.5 -14.4278 -18.39192 0 -14.45589 -18.39192 -8.5 -14.45589 -18.53177 0 -14.49011 -18.53177 -8.5 -14.49011 -18.67 0 -14.5304 -18.67 -8.5 -14.5304 -18.80634 0 -14.57668 -18.80634 -8.5 -14.57668 -18.94053 0 -14.62887 -18.94053 -8.5 -14.62887 -19.07231 0 -14.68685 -19.07231 -8.5 -14.68685 -19.20144 0 -14.75053 -19.20144 -8.5 -14.75053 -19.32767 0 -14.81979 -19.32767 -8.5 -14.81979 -19.45076 0 -14.89448 -19.45076 -8.5 -14.89448 -19.57047 0 -14.97447 -19.57047 -8.5 -14.97447 -19.68658 0 -15.0596 -19.68658 -8.5 -15.0596 -19.79887 0 -15.14972 -19.79887 -8.5 -15.14972 -19.90712 0 -15.24465 -19.90712 -8.5 -15.24465 -20.01112 0 -15.34422 -20.01112 -8.5 -15.34422 -20.11069 0 -15.44822 -20.11069 -8.5 -15.44822 -20.20562 0 -15.55647 -20.20562 -8.5 -15.55647 -20.29574 0 -15.66876 -20.29574 -8.5 -15.66876 -20.38087 0 -15.78487 -20.38087 -8.5 -15.78487 -20.46086 0 -15.90458 -20.46086 -8.5 -15.90458 -20.53555 0 -16.02767 -20.53555 -8.5 -16.02767 -20.60481 0 -16.1539 -20.60481 -8.5 -16.1539 -20.66849 0 -16.28303 -20.66849 -8.5 -16.28303 -20.72647 0 -16.41481 -20.72647 -8.5 -16.41481 -20.77866 0 -16.549 -20.77866 -8.5 -16.549 -20.82494 0 -16.68534 -20.82494 -8.5 -16.68534 -20.86523 0 -16.82357 -20.86523 -8.5 -16.82357 -20.89945 0 -16.96342 -20.89945 -8.5 -16.96342 -20.92754 0 -17.10463 -20.92754 -8.5 -17.10463 -20.94944 0 -17.24693 -20.94944 -8.5 -17.24693 -20.96511 0 -17.39006 -20.96511 -8.5 -17.39006 -20.97453 0 -17.53373 -20.97453 -8.5 -17.53373 -20.97767 0 -17.67767 -20.97767 -8.5 -17.67767 -20.97453 0 -17.82161 -20.97453 -8.5 -17.82161 -20.96511 0 -17.96528 -20.96511 -8.5 -17.96528 -20.94944 0 -18.10841 -20.94944 -8.5 -18.10841 -20.92754 0 -18.25071 -20.92754 -8.5 -18.25071 -20.89945 0 -18.39192 -20.89945 -8.5 -18.39192 -20.86523 0 -18.53177 -20.86523 -8.5 -18.53177 -20.82494 0 -18.67 -20.82494 -8.5 -18.67 -20.77866 0 -18.80634 -20.77866 -8.5 -18.80634 -20.72647 0 -18.94053 -20.72647 -8.5 -18.94053 -20.66849 0 -19.07231 -20.66849 -8.5 -19.07231 -20.60481 0 -19.20144 -20.60481 -8.5 -19.20144 -20.53555 0 -19.32767 -20.53555 -8.5 -19.32767 -20.46086 0 -19.45076 -20.46086 -8.5 -19.45076 -20.38087 0 -19.57047 -20.38087 -8.5 -19.57047 -20.29574 0 -19.68658 -20.29574 -8.5 -19.68658 -20.20562 0 -19.79887 -20.20562 -8.5 -19.79887 -20.11069 0 -19.90712 -20.11069 -8.5 -19.90712 -20.01112 0 -20.01112 -20.01112 -8.5 -20.01112 -19.90712 0 -20.11069 -19.90712 -8.5 -20.11069 -19.79887 0 -20.20562 -19.79887 -8.5 -20.20562 -19.68658 0 -20.29574 -19.68658 -8.5 -20.29574 -19.57047 0 -20.38087 -19.57047 -8.5 -20.38087 -19.45076 0 -20.46086 -19.45076 -8.5 -20.46086 -19.32767 0 -20.53555 -19.32767 -8.5 -20.53555 -19.20144 0 -20.60481 -19.20144 -8.5 -20.60481 -19.07231 0 -20.66849 -19.07231 -8.5 -20.66849 -18.94053 0 -20.72647 -18.94053 -8.5 -20.72647 -18.80634 0 -20.77866 -18.80634 -8.5 -20.77866 -18.67 0 -20.82494 -18.67 -8.5 -20.82494 -18.53177 0 -20.86523 -18.53177 -8.5 -20.86523 -18.39192 0 -20.89945 -18.39192 -8.5 -20.89945 -18.25071 0 -20.92754 -18.25071 -8.5 -20.92754 -18.10841 0 -20.94944 -18.10841 -8.5 -20.94944 -17.96528 0 -20.96511 -17.96528 -8.5 -20.96511 -17.82161 0 -20.97453 -17.82161 -8.5 -20.97453 17.67767 0 -20.97767 17.67767 -8.5 -20.97767 17.82161 0 -20.97453 17.82161 -8.5 -20.97453 17.96528 0 -20.96511 17.96528 -8.5 -20.96511 18.10841 0 -20.94944 18.10841 -8.5 -20.94944 18.25071 0 -20.92754 18.25071 -8.5 -20.92754 18.39192 0 -20.89945 18.39192 -8.5 -20.89945 18.53177 0 -20.86523 18.53177 -8.5 -20.86523 18.67 0 -20.82494 18.67 -8.5 -20.82494 18.80634 0 -20.77866 18.80634 -8.5 -20.77866 18.94053 0 -20.72647 18.94053 -8.5 -20.72647 19.07231 0 -20.66849 19.07231 -8.5 -20.66849 19.20144 0 -20.60481 19.20144 -8.5 -20.60481 19.32767 0 -20.53555 19.32767 -8.5 -20.53555 19.45076 0 -20.46086 19.45076 -8.5 -20.46086 19.57047 0 -20.38087 19.57047 -8.5 -20.38087 19.68658 0 -20.29574 19.68658 -8.5 -20.29574 19.79887 0 -20.20562 19.79887 -8.5 -20.20562 19.90712 0 -20.11069 19.90712 -8.5 -20.11069 20.01112 0 -20.01112 20.01112 -8.5 -20.01112 20.11069 0 -19.90712 20.11069 -8.5 -19.90712 20.20562 0 -19.79887 20.20562 -8.5 -19.79887 20.29574 0 -19.68658 20.29574 -8.5 -19.68658 20.38087 0 -19.57047 20.38087 -8.5 -19.57047 20.46086 0 -19.45076 20.46086 -8.5 -19.45076 20.53555 0 -19.32767 20.53555 -8.5 -19.32767 20.60481 0 -19.20144 20.60481 -8.5 -19.20144 20.66849 0 -19.07231 20.66849 -8.5 -19.07231 20.72647 0 -18.94053 20.72647 -8.5 -18.94053 20.77866 0 -18.80634 20.77866 -8.5 -18.80634 20.82494 0 -18.67 20.82494 -8.5 -18.67 20.86523 0 -18.53177 20.86523 -8.5 -18.53177 20.89945 0 -18.39192 20.89945 -8.5 -18.39192 20.92754 0 -18.25071 20.92754 -8.5 -18.25071 20.94944 0 -18.10841 20.94944 -8.5 -18.10841 20.96511 0 -17.96528 20.96511 -8.5 -17.96528 20.97453 0 -17.82161 20.97453 -8.5 -17.82161 20.97767 0 -17.67767 20.97767 -8.5 -17.67767 20.97453 0 -17.53373 20.97453 -8.5 -17.53373 20.96511 0 -17.39006 20.96511 -8.5 -17.39006 20.94944 0 -17.24693 20.94944 -8.5 -17.24693 20.92754 0 -17.10463 20.92754 -8.5 -17.10463 20.89945 0 -16.96342 20.89945 -8.5 -16.96342 20.86523 0 -16.82357 20.86523 -8.5 -16.82357 20.82494 0 -16.68534 20.82494 -8.5 -16.68534 20.77866 0 -16.549 20.77866 -8.5 -16.549 20.72647 0 -16.41481 20.72647 -8.5 -16.41481 20.66849 0 -16.28303 20.66849 -8.5 -16.28303 20.60481 0 -16.1539 20.60481 -8.5 -16.1539 20.53555 0 -16.02767 20.53555 -8.5 -16.02767 20.46086 0 -15.90458 20.46086 -8.5 -15.90458 20.38087 0 -15.78487 20.38087 -8.5 -15.78487 20.29574 0 -15.66876 20.29574 -8.5 -15.66876 20.20562 0 -15.55647 20.20562 -8.5 -15.55647 20.11069 0 -15.44822 20.11069 -8.5 -15.44822 20.01112 0 -15.34422 20.01112 -8.5 -15.34422 19.90712 0 -15.24465 19.90712 -8.5 -15.24465 19.79887 0 -15.14972 19.79887 -8.5 -15.14972 19.68658 0 -15.0596 19.68658 -8.5 -15.0596 19.57047 0 -14.97447 19.57047 -8.5 -14.97447 19.45076 0 -14.89448 19.45076 -8.5 -14.89448 19.32767 0 -14.81979 19.32767 -8.5 -14.81979 19.20144 0 -14.75053 19.20144 -8.5 -14.75053 19.07231 0 -14.68685 19.07231 -8.5 -14.68685 18.94053 0 -14.62887 18.94053 -8.5 -14.62887 18.80634 0 -14.57668 18.80634 -8.5 -14.57668 18.67 0 -14.5304 18.67 -8.5 -14.5304 18.53177 0 -14.49011 18.53177 -8.5 -14.49011 18.39192 0 -14.45589 18.39192 -8.5 -14.45589 18.25071 0 -14.4278 18.25071 -8.5 -14.4278 18.10841 0 -14.4059 18.10841 -8.5 -14.4059 17.96528 0 -14.39023 17.96528 -8.5 -14.39023 17.82161 0 -14.38081 17.82161 -8.5 -14.38081 17.67767 0 -14.37767 17.67767 -8.5 -14.37767 17.53373 0 -14.38081 17.53373 -8.5 -14.38081 17.39006 0 -14.39023 17.39006 -8.5 -14.39023 17.24693 0 -14.4059 17.24693 -8.5 -14.4059 17.10463 0 -14.4278 17.10463 -8.5 -14.4278 16.96342 0 -14.45589 16.96342 -8.5 -14.45589 16.82357 0 -14.49011 16.82357 -8.5 -14.49011 16.68534 0 -14.5304 16.68534 -8.5 -14.5304 16.549 0 -14.57668 16.549 -8.5 -14.57668 16.41481 0 -14.62887 16.41481 -8.5 -14.62887 16.28303 0 -14.68685 16.28303 -8.5 -14.68685 16.1539 0 -14.75053 16.1539 -8.5 -14.75053 16.02767 0 -14.81979 16.02767 -8.5 -14.81979 15.90458 0 -14.89448 15.90458 -8.5 -14.89448 15.78487 0 -14.97447 15.78487 -8.5 -14.97447 15.66876 0 -15.0596 15.66876 -8.5 -15.0596 15.55647 0 -15.14972 15.55647 -8.5 -15.14972 15.44822 0 -15.24465 15.44822 -8.5 -15.24465 15.34422 0 -15.34422 15.34422 -8.5 -15.34422 15.24465 0 -15.44822 15.24465 -8.5 -15.44822 15.14972 0 -15.55647 15.14972 -8.5 -15.55647 15.0596 0 -15.66876 15.0596 -8.5 -15.66876 14.97447 0 -15.78487 14.97447 -8.5 -15.78487 14.89448 0 -15.90458 14.89448 -8.5 -15.90458 14.81979 0 -16.02767 14.81979 -8.5 -16.02767 14.75053 0 -16.1539 14.75053 -8.5 -16.1539 14.68685 0 -16.28303 14.68685 -8.5 -16.28303 14.62887 0 -16.41481 14.62887 -8.5 -16.41481 14.57668 0 -16.549 14.57668 -8.5 -16.549 14.5304 0 -16.68534 14.5304 -8.5 -16.68534 14.49011 0 -16.82357 14.49011 -8.5 -16.82357 14.45589 0 -16.96342 14.45589 -8.5 -16.96342 14.4278 0 -17.10463 14.4278 -8.5 -17.10463 14.4059 0 -17.24693 14.4059 -8.5 -17.24693 14.39023 0 -17.39006 14.39023 -8.5 -17.39006 14.38081 0 -17.53373 14.38081 -8.5 -17.53373 14.37767 0 -17.67767 14.37767 -8.5 -17.67767 14.38081 0 -17.82161 14.38081 -8.5 -17.82161 14.39023 0 -17.96528 14.39023 -8.5 -17.96528 14.4059 0 -18.10841 14.4059 -8.5 -18.10841 14.4278 0 -18.25071 14.4278 -8.5 -18.25071 14.45589 0 -18.39192 14.45589 -8.5 -18.39192 14.49011 0 -18.53177 14.49011 -8.5 -18.53177 14.5304 0 -18.67 14.5304 -8.5 -18.67 14.57668 0 -18.80634 14.57668 -8.5 -18.80634 14.62887 0 -18.94053 14.62887 -8.5 -18.94053 14.68685 0 -19.07231 14.68685 -8.5 -19.07231 14.75053 0 -19.20144 14.75053 -8.5 -19.20144 14.81979 0 -19.32767 14.81979 -8.5 -19.32767 14.89448 0 -19.45076 14.89448 -8.5 -19.45076 14.97447 0 -19.57047 14.97447 -8.5 -19.57047 15.0596 0 -19.68658 15.0596 -8.5 -19.68658 15.14972 0 -19.79887 15.14972 -8.5 -19.79887 15.24465 0 -19.90712 15.24465 -8.5 -19.90712 15.34422 0 -20.01112 15.34422 -8.5 -20.01112 15.44822 0 -20.11069 15.44822 -8.5 -20.11069 15.55647 0 -20.20562 15.55647 -8.5 -20.20562 15.66876 0 -20.29574 15.66876 -8.5 -20.29574 15.78487 0 -20.38087 15.78487 -8.5 -20.38087 15.90458 0 -20.46086 15.90458 -8.5 -20.46086 16.02767 0 -20.53555 16.02767 -8.5 -20.53555 16.1539 0 -20.60481 16.1539 -8.5 -20.60481 16.28303 0 -20.66849 16.28303 -8.5 -20.66849 16.41481 0 -20.72647 16.41481 -8.5 -20.72647 16.549 0 -20.77866 16.549 -8.5 -20.77866 16.68534 0 -20.82494 16.68534 -8.5 -20.82494 16.82357 0 -20.86523 16.82357 -8.5 -20.86523 16.96342 0 -20.89945 16.96342 -8.5 -20.89945 17.10463 0 -20.92754 17.10463 -8.5 -20.92754 17.24693 0 -20.94944 17.24693 -8.5 -20.94944 17.39006 0 -20.96511 17.39006 -8.5 -20.96511 17.53373 0 -20.97453 17.53373 -8.5 -20.97453 17.67767 0 14.37767 17.67767 -8.5 14.37767 17.82161 0 14.38081 17.82161 -8.5 14.38081 17.96528 0 14.39023 17.96528 -8.5 14.39023 18.10841 0 14.4059 18.10841 -8.5 14.4059 18.25071 0 14.4278 18.25071 -8.5 14.4278 18.39192 0 14.45589 18.39192 -8.5 14.45589 18.53177 0 14.49011 18.53177 -8.5 14.49011 18.67 0 14.5304 18.67 -8.5 14.5304 18.80634 0 14.57668 18.80634 -8.5 14.57668 18.94053 0 14.62887 18.94053 -8.5 14.62887 19.07231 0 14.68685 19.07231 -8.5 14.68685 19.20144 0 14.75053 19.20144 -8.5 14.75053 19.32767 0 14.81979 19.32767 -8.5 14.81979 19.45076 0 14.89448 19.45076 -8.5 14.89448 19.57047 0 14.97447 19.57047 -8.5 14.97447 19.68658 0 15.0596 19.68658 -8.5 15.0596 19.79887 0 15.14972 19.79887 -8.5 15.14972 19.90712 0 15.24465 19.90712 -8.5 15.24465 20.01112 0 15.34422 20.01112 -8.5 15.34422 20.11069 0 15.44822 20.11069 -8.5 15.44822 20.20562 0 15.55647 20.20562 -8.5 15.55647 20.29574 0 15.66876 20.29574 -8.5 15.66876 20.38087 0 15.78487 20.38087 -8.5 15.78487 20.46086 0 15.90458 20.46086 -8.5 15.90458 20.53555 0 16.02767 20.53555 -8.5 16.02767 20.60481 0 16.1539 20.60481 -8.5 16.1539 20.66849 0 16.28303 20.66849 -8.5 16.28303 20.72647 0 16.41481 20.72647 -8.5 16.41481 20.77866 0 16.549 20.77866 -8.5 16.549 20.82494 0 16.68534 20.82494 -8.5 16.68534 20.86523 0 16.82357 20.86523 -8.5 16.82357 20.89945 0 16.96342 20.89945 -8.5 16.96342 20.92754 0 17.10463 20.92754 -8.5 17.10463 20.94944 0 17.24693 20.94944 -8.5 17.24693 20.96511 0 17.39006 20.96511 -8.5 17.39006 20.97453 0 17.53373 20.97453 -8.5 17.53373 20.97767 0 17.67767 20.97767 -8.5 17.67767 20.97453 0 17.82161 20.97453 -8.5 17.82161 20.96511 0 17.96528 20.96511 -8.5 17.96528 20.94944 0 18.10841 20.94944 -8.5 18.10841 20.92754 0 18.25071 20.92754 -8.5 18.25071 20.89945 0 18.39192 20.89945 -8.5 18.39192 20.86523 0 18.53177 20.86523 -8.5 18.53177 20.82494 0 18.67 20.82494 -8.5 18.67 20.77866 0 18.80634 20.77866 -8.5 18.80634 20.72647 0 18.94053 20.72647 -8.5 18.94053 20.66849 0 19.07231 20.66849 -8.5 19.07231 20.60481 0 19.20144 20.60481 -8.5 19.20144 20.53555 0 19.32767 20.53555 -8.5 19.32767 20.46086 0 19.45076 20.46086 -8.5 19.45076 20.38087 0 19.57047 20.38087 -8.5 19.57047 20.29574 0 19.68658 20.29574 -8.5 19.68658 20.20562 0 19.79887 20.20562 -8.5 19.79887 20.11069 0 19.90712 20.11069 -8.5 19.90712 20.01112 0 20.01112 20.01112 -8.5 20.01112 19.90712 0 20.11069 19.90712 -8.5 20.11069 19.79887 0 20.20562 19.79887 -8.5 20.20562 19.68658 0 20.29574 19.68658 -8.5 20.29574 19.57047 0 20.38087 19.57047 -8.5 20.38087 19.45076 0 20.46086 19.45076 -8.5 20.46086 19.32767 0 20.53555 19.32767 -8.5 20.53555 19.20144 0 20.60481 19.20144 -8.5 20.60481 19.07231 0 20.66849 19.07231 -8.5 20.66849 18.94053 0 20.72647 18.94053 -8.5 20.72647 18.80634 0 20.77866 18.80634 -8.5 20.77866 18.67 0 20.82494 18.67 -8.5 20.82494 18.53177 0 20.86523 18.53177 -8.5 20.86523 18.39192 0 20.89945 18.39192 -8.5 20.89945 18.25071 0 20.92754 18.25071 -8.5 20.92754 18.10841 0 20.94944 18.10841 -8.5 20.94944 17.96528 0 20.96511 17.96528 -8.5 20.96511 17.82161 0 20.97453 17.82161 -8.5 20.97453 17.67767 0 20.97767 17.67767 -8.5 20.97767 17.53373 0 20.97453 17.53373 -8.5 20.97453 17.39006 0 20.96511 17.39006 -8.5 20.96511 17.24693 0 20.94944 17.24693 -8.5 20.94944 17.10463 0 20.92754 17.10463 -8.5 20.92754 16.96342 0 20.89945 16.96342 -8.5 20.89945 16.82357 0 20.86523 16.82357 -8.5 20.86523 16.68534 0 20.82494 16.68534 -8.5 20.82494 16.549 0 20.77866 16.549 -8.5 20.77866 16.41481 0 20.72647 16.41481 -8.5 20.72647 16.28303 0 20.66849 16.28303 -8.5 20.66849 16.1539 0 20.60481 16.1539 -8.5 20.60481 16.02767 0 20.53555 16.02767 -8.5 20.53555 15.90458 0 20.46086 15.90458 -8.5 20.46086 15.78487 0 20.38087 15.78487 -8.5 20.38087 15.66876 0 20.29574 15.66876 -8.5 20.29574 15.55647 0 20.20562 15.55647 -8.5 20.20562 15.44822 0 20.11069 15.44822 -8.5 20.11069 15.34422 0 20.01112 15.34422 -8.5 20.01112 15.24465 0 19.90712 15.24465 -8.5 19.90712 15.14972 0 19.79887 15.14972 -8.5 19.79887 15.0596 0 19.68658 15.0596 -8.5 19.68658 14.97447 0 19.57047 14.97447 -8.5 19.57047 14.89448 0 19.45076 14.89448 -8.5 19.45076 14.81979 0 19.32767 14.81979 -8.5 19.32767 14.75053 0 19.20144 14.75053 -8.5 19.20144 14.68685 0 19.07231 14.68685 -8.5 19.07231 14.62887 0 18.94053 14.62887 -8.5 18.94053 14.57668 0 18.80634 14.57668 -8.5 18.80634 14.5304 0 18.67 14.5304 -8.5 18.67 14.49011 0 18.53177 14.49011 -8.5 18.53177 14.45589 0 18.39192 14.45589 -8.5 18.39192 14.4278 0 18.25071 14.4278 -8.5 18.25071 14.4059 0 18.10841 14.4059 -8.5 18.10841 14.39023 0 17.96528 14.39023 -8.5 17.96528 14.38081 0 17.82161 14.38081 -8.5 17.82161 14.37767 0 17.67767 14.37767 -8.5 17.67767 14.38081 0 17.53373 14.38081 -8.5 17.53373 14.39023 0 17.39006 14.39023 -8.5 17.39006 14.4059 0 17.24693 14.4059 -8.5 17.24693 14.4278 0 17.10463 14.4278 -8.5 17.10463 14.45589 0 16.96342 14.45589 -8.5 16.96342 14.49011 0 16.82357 14.49011 -8.5 16.82357 14.5304 0 16.68534 14.5304 -8.5 16.68534 14.57668 0 16.549 14.57668 -8.5 16.549 14.62887 0 16.41481 14.62887 -8.5 16.41481 14.68685 0 16.28303 14.68685 -8.5 16.28303 14.75053 0 16.1539 14.75053 -8.5 16.1539 14.81979 0 16.02767 14.81979 -8.5 16.02767 14.89448 0 15.90458 14.89448 -8.5 15.90458 14.97447 0 15.78487 14.97447 -8.5 15.78487 15.0596 0 15.66876 15.0596 -8.5 15.66876 15.14972 0 15.55647 15.14972 -8.5 15.55647 15.24465 0 15.44822 15.24465 -8.5 15.44822 15.34422 0 15.34422 15.34422 -8.5 15.34422 15.44822 0 15.24465 15.44822 -8.5 15.24465 15.55647 0 15.14972 15.55647 -8.5 15.14972 15.66876 0 15.0596 15.66876 -8.5 15.0596 15.78487 0 14.97447 15.78487 -8.5 14.97447 15.90458 0 14.89448 15.90458 -8.5 14.89448 16.02767 0 14.81979 16.02767 -8.5 14.81979 16.1539 0 14.75053 16.1539 -8.5 14.75053 16.28303 0 14.68685 16.28303 -8.5 14.68685 16.41481 0 14.62887 16.41481 -8.5 14.62887 16.549 0 14.57668 16.549 -8.5 14.57668 16.68534 0 14.5304 16.68534 -8.5 14.5304 16.82357 0 14.49011 16.82357 -8.5 14.49011 16.96342 0 14.45589 16.96342 -8.5 14.45589 17.10463 0 14.4278 17.10463 -8.5 14.4278 17.24693 0 14.4059 17.24693 -8.5 14.4059 17.39006 0 14.39023 17.39006 -8.5 14.39023 17.53373 0 14.38081 17.53373 -8.5 14.38081 0 0 21.7 0 -8.5 21.7 0.143944 0 21.70314 0.143944 -8.5 21.70314 0.2876139 0 21.71256 0.2876139 -8.5 21.71256 0.4307364 0 21.72823 0.4307364 -8.5 21.72823 0.573039 0 21.75013 0.573039 -8.5 21.75013 0.7142508 0 21.77823 0.7142508 -8.5 21.77823 0.8541029 0 21.81245 0.8541029 -8.5 21.81245 0.9923291 0 21.85273 0.9923291 -8.5 21.85273 1.128666 0 21.89902 1.128666 -8.5 21.89902 1.262855 0 21.9512 1.262855 -8.5 21.9512 1.39464 0 22.00918 1.39464 -8.5 22.00918 1.52377 0 22.07287 1.52377 -8.5 22.07287 1.65 0 22.14212 1.65 -8.5 22.14212 1.773089 0 22.21681 1.773089 -8.5 22.21681 1.892802 0 22.2968 1.892802 -8.5 22.2968 2.008913 0 22.38193 2.008913 -8.5 22.38193 2.121199 0 22.47205 2.121199 -8.5 22.47205 2.229448 0 22.56699 2.229448 -8.5 22.56699 2.333452 0 22.66655 2.333452 -8.5 22.66655 2.433015 0 22.77055 2.433015 -8.5 22.77055 2.527947 0 22.8788 2.527947 -8.5 22.8788 2.618066 0 22.99109 2.618066 -8.5 22.99109 2.703202 0 23.1072 2.703202 -8.5 23.1072 2.783192 0 23.22691 2.783192 -8.5 23.22691 2.857884 0 23.35 2.857884 -8.5 23.35 2.927136 0 23.47623 2.927136 -8.5 23.47623 2.990816 0 23.60536 2.990816 -8.5 23.60536 3.048802 0 23.73715 3.048802 -8.5 23.73715 3.100986 0 23.87133 3.100986 -8.5 23.87133 3.147266 0 24.00767 3.147266 -8.5 24.00767 3.187555 0 24.1459 3.187555 -8.5 24.1459 3.221777 0 24.28575 3.221777 -8.5 24.28575 3.249866 0 24.42696 3.249866 -8.5 24.42696 3.271768 0 24.56926 3.271768 -8.5 24.56926 3.287442 0 24.71239 3.287442 -8.5 24.71239 3.296859 0 24.85606 3.296859 -8.5 24.85606 3.3 0 25 3.3 -8.5 25 3.296859 0 25.14394 3.296859 -8.5 25.14394 3.287442 0 25.28761 3.287442 -8.5 25.28761 3.271768 0 25.43074 3.271768 -8.5 25.43074 3.249866 0 25.57304 3.249866 -8.5 25.57304 3.221777 0 25.71425 3.221777 -8.5 25.71425 3.187555 0 25.8541 3.187555 -8.5 25.8541 3.147266 0 25.99233 3.147266 -8.5 25.99233 3.100986 0 26.12867 3.100986 -8.5 26.12867 3.048802 0 26.26286 3.048802 -8.5 26.26286 2.990816 0 26.39464 2.990816 -8.5 26.39464 2.927136 0 26.52377 2.927136 -8.5 26.52377 2.857884 0 26.65 2.857884 -8.5 26.65 2.783192 0 26.77309 2.783192 -8.5 26.77309 2.703202 0 26.8928 2.703202 -8.5 26.8928 2.618066 0 27.00891 2.618066 -8.5 27.00891 2.527947 0 27.1212 2.527947 -8.5 27.1212 2.433015 0 27.22945 2.433015 -8.5 27.22945 2.333452 0 27.33345 2.333452 -8.5 27.33345 2.229448 0 27.43302 2.229448 -8.5 27.43302 2.121199 0 27.52795 2.121199 -8.5 27.52795 2.008913 0 27.61807 2.008913 -8.5 27.61807 1.892802 0 27.7032 1.892802 -8.5 27.7032 1.773089 0 27.78319 1.773089 -8.5 27.78319 1.65 0 27.85788 1.65 -8.5 27.85788 1.52377 0 27.92714 1.52377 -8.5 27.92714 1.39464 0 27.99082 1.39464 -8.5 27.99082 1.262855 0 28.0488 1.262855 -8.5 28.0488 1.128666 0 28.10099 1.128666 -8.5 28.10099 0.9923291 0 28.14727 0.9923291 -8.5 28.14727 0.8541029 0 28.18755 0.8541029 -8.5 28.18755 0.7142508 0 28.22178 0.7142508 -8.5 28.22178 0.573039 0 28.24987 0.573039 -8.5 28.24987 0.4307364 0 28.27177 0.4307364 -8.5 28.27177 0.2876139 0 28.28744 0.2876139 -8.5 28.28744 0.143944 0 28.29686 0.143944 -8.5 28.29686 0 0 28.3 0 -8.5 28.3 -0.143944 0 28.29686 -0.143944 -8.5 28.29686 -0.2876139 0 28.28744 -0.2876139 -8.5 28.28744 -0.4307364 0 28.27177 -0.4307364 -8.5 28.27177 -0.573039 0 28.24987 -0.573039 -8.5 28.24987 -0.7142508 0 28.22178 -0.7142508 -8.5 28.22178 -0.8541029 0 28.18755 -0.8541029 -8.5 28.18755 -0.9923291 0 28.14727 -0.9923291 -8.5 28.14727 -1.128666 0 28.10099 -1.128666 -8.5 28.10099 -1.262855 0 28.0488 -1.262855 -8.5 28.0488 -1.39464 0 27.99082 -1.39464 -8.5 27.99082 -1.52377 0 27.92714 -1.52377 -8.5 27.92714 -1.65 0 27.85788 -1.65 -8.5 27.85788 -1.773089 0 27.78319 -1.773089 -8.5 27.78319 -1.892802 0 27.7032 -1.892802 -8.5 27.7032 -2.008913 0 27.61807 -2.008913 -8.5 27.61807 -2.121199 0 27.52795 -2.121199 -8.5 27.52795 -2.229448 0 27.43302 -2.229448 -8.5 27.43302 -2.333452 0 27.33345 -2.333452 -8.5 27.33345 -2.433015 0 27.22945 -2.433015 -8.5 27.22945 -2.527947 0 27.1212 -2.527947 -8.5 27.1212 -2.618066 0 27.00891 -2.618066 -8.5 27.00891 -2.703202 0 26.8928 -2.703202 -8.5 26.8928 -2.783192 0 26.77309 -2.783192 -8.5 26.77309 -2.857884 0 26.65 -2.857884 -8.5 26.65 -2.927136 0 26.52377 -2.927136 -8.5 26.52377 -2.990816 0 26.39464 -2.990816 -8.5 26.39464 -3.048802 0 26.26286 -3.048802 -8.5 26.26286 -3.100986 0 26.12867 -3.100986 -8.5 26.12867 -3.147266 0 25.99233 -3.147266 -8.5 25.99233 -3.187555 0 25.8541 -3.187555 -8.5 25.8541 -3.221777 0 25.71425 -3.221777 -8.5 25.71425 -3.249866 0 25.57304 -3.249866 -8.5 25.57304 -3.271768 0 25.43074 -3.271768 -8.5 25.43074 -3.287442 0 25.28761 -3.287442 -8.5 25.28761 -3.296859 0 25.14394 -3.296859 -8.5 25.14394 -3.3 0 25 -3.3 -8.5 25 -3.296859 0 24.85606 -3.296859 -8.5 24.85606 -3.287442 0 24.71239 -3.287442 -8.5 24.71239 -3.271768 0 24.56926 -3.271768 -8.5 24.56926 -3.249866 0 24.42696 -3.249866 -8.5 24.42696 -3.221777 0 24.28575 -3.221777 -8.5 24.28575 -3.187555 0 24.1459 -3.187555 -8.5 24.1459 -3.147266 0 24.00767 -3.147266 -8.5 24.00767 -3.100986 0 23.87133 -3.100986 -8.5 23.87133 -3.048802 0 23.73715 -3.048802 -8.5 23.73715 -2.990816 0 23.60536 -2.990816 -8.5 23.60536 -2.927136 0 23.47623 -2.927136 -8.5 23.47623 -2.857884 0 23.35 -2.857884 -8.5 23.35 -2.783192 0 23.22691 -2.783192 -8.5 23.22691 -2.703202 0 23.1072 -2.703202 -8.5 23.1072 -2.618066 0 22.99109 -2.618066 -8.5 22.99109 -2.527947 0 22.8788 -2.527947 -8.5 22.8788 -2.433015 0 22.77055 -2.433015 -8.5 22.77055 -2.333452 0 22.66655 -2.333452 -8.5 22.66655 -2.229448 0 22.56699 -2.229448 -8.5 22.56699 -2.121199 0 22.47205 -2.121199 -8.5 22.47205 -2.008913 0 22.38193 -2.008913 -8.5 22.38193 -1.892802 0 22.2968 -1.892802 -8.5 22.2968 -1.773089 0 22.21681 -1.773089 -8.5 22.21681 -1.65 0 22.14212 -1.65 -8.5 22.14212 -1.52377 0 22.07287 -1.52377 -8.5 22.07287 -1.39464 0 22.00918 -1.39464 -8.5 22.00918 -1.262855 0 21.9512 -1.262855 -8.5 21.9512 -1.128666 0 21.89902 -1.128666 -8.5 21.89902 -0.9923291 0 21.85273 -0.9923291 -8.5 21.85273 -0.8541029 0 21.81245 -0.8541029 -8.5 21.81245 -0.7142508 0 21.77823 -0.7142508 -8.5 21.77823 -0.573039 0 21.75013 -0.573039 -8.5 21.75013 -0.4307364 0 21.72823 -0.4307364 -8.5 21.72823 -0.2876139 0 21.71256 -0.2876139 -8.5 21.71256 -0.143944 0 21.70314 -0.143944 -8.5 21.70314 -17.67767 0 14.37767 -17.67767 -8.5 14.37767 -17.53373 0 14.38081 -17.53373 -8.5 14.38081 -17.39006 0 14.39023 -17.39006 -8.5 14.39023 -17.24693 0 14.4059 -17.24693 -8.5 14.4059 -17.10463 0 14.4278 -17.10463 -8.5 14.4278 -16.96342 0 14.45589 -16.96342 -8.5 14.45589 -16.82357 0 14.49011 -16.82357 -8.5 14.49011 -16.68534 0 14.5304 -16.68534 -8.5 14.5304 -16.549 0 14.57668 -16.549 -8.5 14.57668 -16.41481 0 14.62887 -16.41481 -8.5 14.62887 -16.28303 0 14.68685 -16.28303 -8.5 14.68685 -16.1539 0 14.75053 -16.1539 -8.5 14.75053 -16.02767 0 14.81979 -16.02767 -8.5 14.81979 -15.90458 0 14.89448 -15.90458 -8.5 14.89448 -15.78487 0 14.97447 -15.78487 -8.5 14.97447 -15.66876 0 15.0596 -15.66876 -8.5 15.0596 -15.55647 0 15.14972 -15.55647 -8.5 15.14972 -15.44822 0 15.24465 -15.44822 -8.5 15.24465 -15.34422 0 15.34422 -15.34422 -8.5 15.34422 -15.24465 0 15.44822 -15.24465 -8.5 15.44822 -15.14972 0 15.55647 -15.14972 -8.5 15.55647 -15.0596 0 15.66876 -15.0596 -8.5 15.66876 -14.97447 0 15.78487 -14.97447 -8.5 15.78487 -14.89448 0 15.90458 -14.89448 -8.5 15.90458 -14.81979 0 16.02767 -14.81979 -8.5 16.02767 -14.75053 0 16.1539 -14.75053 -8.5 16.1539 -14.68685 0 16.28303 -14.68685 -8.5 16.28303 -14.62887 0 16.41481 -14.62887 -8.5 16.41481 -14.57668 0 16.549 -14.57668 -8.5 16.549 -14.5304 0 16.68534 -14.5304 -8.5 16.68534 -14.49011 0 16.82357 -14.49011 -8.5 16.82357 -14.45589 0 16.96342 -14.45589 -8.5 16.96342 -14.4278 0 17.10463 -14.4278 -8.5 17.10463 -14.4059 0 17.24693 -14.4059 -8.5 17.24693 -14.39023 0 17.39006 -14.39023 -8.5 17.39006 -14.38081 0 17.53373 -14.38081 -8.5 17.53373 -14.37767 0 17.67767 -14.37767 -8.5 17.67767 -14.38081 0 17.82161 -14.38081 -8.5 17.82161 -14.39023 0 17.96528 -14.39023 -8.5 17.96528 -14.4059 0 18.10841 -14.4059 -8.5 18.10841 -14.4278 0 18.25071 -14.4278 -8.5 18.25071 -14.45589 0 18.39192 -14.45589 -8.5 18.39192 -14.49011 0 18.53177 -14.49011 -8.5 18.53177 -14.5304 0 18.67 -14.5304 -8.5 18.67 -14.57668 0 18.80634 -14.57668 -8.5 18.80634 -14.62887 0 18.94053 -14.62887 -8.5 18.94053 -14.68685 0 19.07231 -14.68685 -8.5 19.07231 -14.75053 0 19.20144 -14.75053 -8.5 19.20144 -14.81979 0 19.32767 -14.81979 -8.5 19.32767 -14.89448 0 19.45076 -14.89448 -8.5 19.45076 -14.97447 0 19.57047 -14.97447 -8.5 19.57047 -15.0596 0 19.68658 -15.0596 -8.5 19.68658 -15.14972 0 19.79887 -15.14972 -8.5 19.79887 -15.24465 0 19.90712 -15.24465 -8.5 19.90712 -15.34422 0 20.01112 -15.34422 -8.5 20.01112 -15.44822 0 20.11069 -15.44822 -8.5 20.11069 -15.55647 0 20.20562 -15.55647 -8.5 20.20562 -15.66876 0 20.29574 -15.66876 -8.5 20.29574 -15.78487 0 20.38087 -15.78487 -8.5 20.38087 -15.90458 0 20.46086 -15.90458 -8.5 20.46086 -16.02767 0 20.53555 -16.02767 -8.5 20.53555 -16.1539 0 20.60481 -16.1539 -8.5 20.60481 -16.28303 0 20.66849 -16.28303 -8.5 20.66849 -16.41481 0 20.72647 -16.41481 -8.5 20.72647 -16.549 0 20.77866 -16.549 -8.5 20.77866 -16.68534 0 20.82494 -16.68534 -8.5 20.82494 -16.82357 0 20.86523 -16.82357 -8.5 20.86523 -16.96342 0 20.89945 -16.96342 -8.5 20.89945 -17.10463 0 20.92754 -17.10463 -8.5 20.92754 -17.24693 0 20.94944 -17.24693 -8.5 20.94944 -17.39006 0 20.96511 -17.39006 -8.5 20.96511 -17.53373 0 20.97453 -17.53373 -8.5 20.97453 -17.67767 0 20.97767 -17.67767 -8.5 20.97767 -17.82161 0 20.97453 -17.82161 -8.5 20.97453 -17.96528 0 20.96511 -17.96528 -8.5 20.96511 -18.10841 0 20.94944 -18.10841 -8.5 20.94944 -18.25071 0 20.92754 -18.25071 -8.5 20.92754 -18.39192 0 20.89945 -18.39192 -8.5 20.89945 -18.53177 0 20.86523 -18.53177 -8.5 20.86523 -18.67 0 20.82494 -18.67 -8.5 20.82494 -18.80634 0 20.77866 -18.80634 -8.5 20.77866 -18.94053 0 20.72647 -18.94053 -8.5 20.72647 -19.07231 0 20.66849 -19.07231 -8.5 20.66849 -19.20144 0 20.60481 -19.20144 -8.5 20.60481 -19.32767 0 20.53555 -19.32767 -8.5 20.53555 -19.45076 0 20.46086 -19.45076 -8.5 20.46086 -19.57047 0 20.38087 -19.57047 -8.5 20.38087 -19.68658 0 20.29574 -19.68658 -8.5 20.29574 -19.79887 0 20.20562 -19.79887 -8.5 20.20562 -19.90712 0 20.11069 -19.90712 -8.5 20.11069 -20.01112 0 20.01112 -20.01112 -8.5 20.01112 -20.11069 0 19.90712 -20.11069 -8.5 19.90712 -20.20562 0 19.79887 -20.20562 -8.5 19.79887 -20.29574 0 19.68658 -20.29574 -8.5 19.68658 -20.38087 0 19.57047 -20.38087 -8.5 19.57047 -20.46086 0 19.45076 -20.46086 -8.5 19.45076 -20.53555 0 19.32767 -20.53555 -8.5 19.32767 -20.60481 0 19.20144 -20.60481 -8.5 19.20144 -20.66849 0 19.07231 -20.66849 -8.5 19.07231 -20.72647 0 18.94053 -20.72647 -8.5 18.94053 -20.77866 0 18.80634 -20.77866 -8.5 18.80634 -20.82494 0 18.67 -20.82494 -8.5 18.67 -20.86523 0 18.53177 -20.86523 -8.5 18.53177 -20.89945 0 18.39192 -20.89945 -8.5 18.39192 -20.92754 0 18.25071 -20.92754 -8.5 18.25071 -20.94944 0 18.10841 -20.94944 -8.5 18.10841 -20.96511 0 17.96528 -20.96511 -8.5 17.96528 -20.97453 0 17.82161 -20.97453 -8.5 17.82161 -20.97767 0 17.67767 -20.97767 -8.5 17.67767 -20.97453 0 17.53373 -20.97453 -8.5 17.53373 -20.96511 0 17.39006 -20.96511 -8.5 17.39006 -20.94944 0 17.24693 -20.94944 -8.5 17.24693 -20.92754 0 17.10463 -20.92754 -8.5 17.10463 -20.89945 0 16.96342 -20.89945 -8.5 16.96342 -20.86523 0 16.82357 -20.86523 -8.5 16.82357 -20.82494 0 16.68534 -20.82494 -8.5 16.68534 -20.77866 0 16.549 -20.77866 -8.5 16.549 -20.72647 0 16.41481 -20.72647 -8.5 16.41481 -20.66849 0 16.28303 -20.66849 -8.5 16.28303 -20.60481 0 16.1539 -20.60481 -8.5 16.1539 -20.53555 0 16.02767 -20.53555 -8.5 16.02767 -20.46086 0 15.90458 -20.46086 -8.5 15.90458 -20.38087 0 15.78487 -20.38087 -8.5 15.78487 -20.29574 0 15.66876 -20.29574 -8.5 15.66876 -20.20562 0 15.55647 -20.20562 -8.5 15.55647 -20.11069 0 15.44822 -20.11069 -8.5 15.44822 -20.01112 0 15.34422 -20.01112 -8.5 15.34422 -19.90712 0 15.24465 -19.90712 -8.5 15.24465 -19.79887 0 15.14972 -19.79887 -8.5 15.14972 -19.68658 0 15.0596 -19.68658 -8.5 15.0596 -19.57047 0 14.97447 -19.57047 -8.5 14.97447 -19.45076 0 14.89448 -19.45076 -8.5 14.89448 -19.32767 0 14.81979 -19.32767 -8.5 14.81979 -19.20144 0 14.75053 -19.20144 -8.5 14.75053 -19.07231 0 14.68685 -19.07231 -8.5 14.68685 -18.94053 0 14.62887 -18.94053 -8.5 14.62887 -18.80634 0 14.57668 -18.80634 -8.5 14.57668 -18.67 0 14.5304 -18.67 -8.5 14.5304 -18.53177 0 14.49011 -18.53177 -8.5 14.49011 -18.39192 0 14.45589 -18.39192 -8.5 14.45589 -18.25071 0 14.4278 -18.25071 -8.5 14.4278 -18.10841 0 14.4059 -18.10841 -8.5 14.4059 -17.96528 0 14.39023 -17.96528 -8.5 14.39023 -17.82161 0 14.38081 -17.82161 -8.5 14.38081 -12.11506 0 14.65042 -22.59123 0 10.70683 -23.02233 0 9.745372 -22.98884 0 12.82464 13.62158 0 26.16682 13.47926 0 21.33884 12.11506 0 21.33884 3.715495 0 14 0.4889323 0 14 2.116536 0 16.61589 -2.94987 0 18.95964 -2.94987 0 17.21875 -3.958919 0 17.21875 -3.958919 0 20.46344 -0.4759114 0 20.46344 -2.383464 0 18.95964 -2.94987 0 16.65755 -2.94987 0 14.92318 -3.958919 0 14.65042 -2.383464 0 14.92318 -0.4759114 0 14.65042 -2.383464 0 16.65755 -0.7076823 0 16.65755 -0.7076823 0 17.21875 -12.11506 0 20.46344 -4.617839 0 17.21875 -4.617839 0 16.65755 -3.958919 0 16.65755 3.900326 0 12.82464 3.900326 0 14 4.500651 0 14 -0.4759114 0 12.82464 -0.2441406 0 14 3.621745 0 19.94922 2.132162 0 17.59245 0.6555989 0 19.94922 -2.383464 0 17.21875 -0.110026 0 19.94922 3.900326 0 20.46344 2.514974 0 17.13281 3.900326 0 19.25049 3.900326 0 14.94714 4.357422 0 19.94922 12.11506 0 20.46344 3.900326 0 19.94922 12.11506 0 -12.11506 12.11506 0 12.82464 12.58085 0 -6.141843 12.68831 0 5.916656 12.93431 0 5.357568 12.93431 0 -5.357568 13.1557 0 4.788282 13.1557 0 -4.788282 13.52296 0 3.623467 13.66814 0 3.030155 13.35204 0 -4.209881 13.35204 0 4.209881 13.94673 0 1.22018 13.98668 0 0.6106714 13.88023 0 1.827367 14 0 0 13.98668 0 -0.6106714 13.78731 0 -2.431074 13.66814 0 -3.030155 13.94673 0 -1.22018 13.88023 0 -1.827367 13.78731 0 2.431074 13.52296 0 -3.623467 12.58085 0 6.141843 13.47926 0 12.82464 22.12 0 11.64927 26.73608 0 12.46724 13.47926 0 -12.11506 22.12 0 -11.64927 26.89643 0 -12.11743 22.59123 0 -10.70683 27.25445 0 -11.28916 23.02233 0 -9.745372 27.72093 0 -10.08959 23.41254 0 -8.766598 28.13465 0 -8.870821 23.76115 0 -7.772252 28.49481 0 -7.635162 24.06755 0 -6.764099 28.80073 0 -6.384969 24.3312 0 -5.74393 29.05183 0 -5.122621 24.55163 0 -4.713558 29.24762 0 -3.850523 24.72844 0 -3.674812 29.38775 0 -2.571094 24.86133 0 -2.629539 29.47192 0 -1.286772 24.95005 0 -1.579594 29.5 0 0 24.99445 0 -0.5268433 24.99445 0 0.5268433 29.47192 0 1.286772 24.95005 0 1.579594 29.38775 0 2.571094 24.86133 0 2.629539 29.24762 0 3.850523 24.72844 0 3.674812 29.05183 0 5.122621 24.55163 0 4.713558 28.80073 0 6.384969 24.3312 0 5.74393 28.49481 0 7.635162 24.06755 0 6.764099 28.13465 0 8.870821 23.76115 0 7.772252 27.72093 0 10.08959 23.41254 0 8.766598 27.25445 0 11.28916 23.02233 0 9.745372 22.59123 0 10.70683 -3.958919 0 -12.11506 -6.141843 0 -12.58085 -12.11506 0 -12.11506 -11.64927 0 -22.12 -12.11506 0 -22.98884 -10.70683 0 -22.59123 -9.745372 0 -23.02233 -3.623467 0 -13.52296 -4.209881 0 -13.35204 -4.788282 0 -13.1557 -5.357568 0 -12.93431 -5.916656 0 -12.68831 -1.22018 0 -13.94673 -1.827367 0 -13.88023 -0.4759114 0 -12.11506 -2.431074 0 -13.78731 -3.030155 0 -13.66814 2.431074 0 -13.78731 3.030155 0 -13.66814 3.900326 0 -12.11506 3.623467 0 -13.52296 1.827367 0 -13.88023 1.22018 0 -13.94673 0.6106714 0 -13.98668 0 0 -14 -0.6106714 0 -13.98668 6.141843 0 -12.58085 11.64927 0 -22.12 12.11506 0 -22.98884 10.70683 0 -22.59123 9.745372 0 -23.02233 5.916656 0 -12.68831 5.357568 0 -12.93431 4.788282 0 -13.1557 4.209881 0 -13.35204 0 0 -29.5 -1.286772 0 -29.47192 -1.579594 0 -24.95005 16.92051 0 -24.16499 15.85034 0 -24.88005 13.47926 0 -22.98884 14.75 0 -25.54775 13.62158 0 -26.16682 12.46724 0 -26.73608 19.92991 0 -21.74968 20.85965 0 -20.85965 17.95846 0 -23.40392 21.74968 0 -19.92991 18.96224 0 -22.59831 22.59831 0 -18.96224 24.88005 0 -15.85034 25.54775 0 -14.75 23.40392 0 -17.95846 24.16499 0 -16.92051 26.16682 0 -13.62158 26.73608 0 -12.46724 13.47926 0 14.65042 26.16682 0 13.62158 24.88005 0 15.85034 24.16499 0 16.92051 22.59831 0 18.96224 20.85965 0 20.85965 25.54775 0 14.75 23.40392 0 17.95846 21.74968 0 19.92991 19.92991 0 21.74968 14.75 0 25.54775 15.85034 0 24.88005 16.92051 0 24.16499 17.95846 0 23.40392 18.96224 0 22.59831 3.900326 0 21.33884 3.850523 0 29.24762 5.122621 0 29.05183 6.384969 0 28.80073 7.635162 0 28.49481 8.870821 0 28.13465 10.08959 0 27.72093 11.28916 0 27.25445 12.46724 0 26.73608 -0.4759114 0 21.33884 1.286772 0 29.47192 0 0 29.5 -1.286772 0 29.47192 2.571094 0 29.38775 -2.571094 0 29.38775 -3.958919 0 21.33884 -3.850523 0 29.24762 -10.08959 0 27.72093 -11.28916 0 27.25445 -12.11506 0 21.33884 -8.870821 0 28.13465 -7.635162 0 28.49481 -6.384969 0 28.80073 -5.122621 0 29.05183 -17.95846 0 23.40392 -18.96224 0 22.59831 -19.92991 0 21.74968 -16.92051 0 24.16499 -15.85034 0 24.88005 -14.75 0 25.54775 -13.62158 0 26.16682 -12.46724 0 26.73608 -20.85965 0 20.85965 -22.98884 0 14.65042 -21.74968 0 19.92991 -22.59831 0 18.96224 -25.54775 0 14.75 -24.88005 0 15.85034 -24.16499 0 16.92051 -23.40392 0 17.95846 -26.16682 0 13.62158 -26.73608 0 12.46724 -27.25445 0 11.28916 -27.72093 0 10.08959 -23.41254 0 8.766598 -28.13465 0 8.870821 -23.76115 0 7.772252 -28.49481 0 7.635162 -24.06755 0 6.764099 -28.80073 0 6.384969 -24.3312 0 5.74393 -29.05183 0 5.122621 -24.55163 0 4.713558 -29.24762 0 3.850523 -24.72844 0 3.674812 -29.38775 0 2.571094 -24.86133 0 2.629539 -29.47192 0 1.286772 -24.95005 0 1.579594 -29.5 0 0 -23.40392 0 -17.95846 -24.16499 0 -16.92051 -22.98884 0 -12.11506 -24.88005 0 -15.85034 -25.54775 0 -14.75 -24.99445 0 0.5268433 -24.99445 0 -0.5268433 -29.47192 0 -1.286772 -24.95005 0 -1.579594 -29.38775 0 -2.571094 -24.86133 0 -2.629539 -29.24762 0 -3.850523 -24.72844 0 -3.674812 -29.05183 0 -5.122621 -24.55163 0 -4.713558 -28.80073 0 -6.384969 -24.3312 0 -5.74393 -28.49481 0 -7.635162 -24.06755 0 -6.764099 -28.13465 0 -8.870821 -23.76115 0 -7.772252 -27.72093 0 -10.08959 -23.41254 0 -8.766598 -27.25445 0 -11.28916 -23.02233 0 -9.745372 -26.73608 0 -12.46724 -26.16682 0 -13.62158 -18.96224 0 -22.59831 -20.85965 0 -20.85965 -19.92991 0 -21.74968 -17.95846 0 -23.40392 -21.74968 0 -19.92991 -22.59831 0 -18.96224 -13.62158 0 -26.16682 -14.75 0 -25.54775 -2.629539 0 -24.86133 -2.571094 0 -29.38775 -3.674812 0 -24.72844 -3.850523 0 -29.24762 -4.713558 0 -24.55163 -5.122621 0 -29.05183 -5.74393 0 -24.3312 -6.384969 0 -28.80073 -6.764099 0 -24.06755 -7.635162 0 -28.49481 -7.772252 0 -23.76115 -8.870821 0 -28.13465 -8.766598 0 -23.41254 -10.08959 0 -27.72093 -11.28916 0 -27.25445 -12.46724 0 -26.73608 -15.85034 0 -24.88005 -16.92051 0 -24.16499 -12.11506 0 12.82464 -12.58085 0 6.141843 -22.12 0 11.64927 -12.58085 0 -6.141843 -22.12 0 -11.64927 -22.59123 0 -10.70683 -12.68831 0 5.916656 -12.68831 0 -5.916656 -13.78731 0 -2.431074 -13.88023 0 -1.827367 -13.94673 0 -1.22018 -13.98668 0 -0.6106714 -12.93431 0 5.357568 -14 0 0 -13.98668 0 0.6106714 -13.78731 0 2.431074 -13.94673 0 1.22018 -13.88023 0 1.827367 -13.52296 0 3.623467 -13.35204 0 4.209881 -13.1557 0 4.788282 -12.93431 0 -5.357568 -13.1557 0 -4.788282 -13.35204 0 -4.209881 -13.52296 0 -3.623467 -13.66814 0 -3.030155 -13.66814 0 3.030155 13.47926 0 20.46344 -0.5268433 0 -24.99445 0.5268433 0 -24.99445 1.286772 0 -29.47192 1.579594 0 -24.95005 2.571094 0 -29.38775 2.629539 0 -24.86133 3.850523 0 -29.24762 3.674812 0 -24.72844 5.122621 0 -29.05183 4.713558 0 -24.55163 6.384969 0 -28.80073 5.74393 0 -24.3312 7.635162 0 -28.49481 6.764099 0 -24.06755 8.870821 0 -28.13465 7.772252 0 -23.76115 10.08959 0 -27.72093 8.766598 0 -23.41254 11.28916 0 -27.25445 -3.958919 0 12.82464 12.68831 0 -5.916656 12.11506 0 14.65042 1.733724 0 17.10938 0.4889323 -8.5 14 0 -8.5 14 -0.2441406 -8.5 14 2.116536 -8.5 16.61589 3.715495 -8.5 14 4.500651 -8.5 14 -2.94987 -8.5 18.95964 -2.94987 -8.5 17.21875 -3.958919 -8.5 17.21875 -4.617839 -8.5 17.21875 -4.617839 -8.5 16.65755 2.514974 -8.5 17.13281 -3.958919 -8.5 16.65755 -2.94987 -8.5 16.65755 -2.94987 -8.5 14.92318 -0.7076823 -8.5 17.21875 -2.383464 -8.5 17.21875 -2.383464 -8.5 18.95964 -2.383464 -8.5 14.92318 -0.7076823 -8.5 16.65755 -2.383464 -8.5 16.65755 0.1695917 -8.5 14.65042 1.733724 -8.5 17.10938 12.41815 -8.5 -6.46448 12.58085 -8.5 -6.141843 12.12436 -8.5 -7 11.80748 -8.5 -7.522195 11.46813 -8.5 -8.030071 11.10695 -8.5 -8.522661 10.72462 -8.5 -8.999027 10.32188 -8.5 -9.458263 9.899496 -8.5 -9.899496 9.458263 -8.5 -10.32188 8.999027 -8.5 -10.72462 8.522661 -8.5 -11.10695 8.030071 -8.5 -11.46813 7.522195 -8.5 -11.80748 7 -8.5 -12.12436 6.46448 -8.5 -12.41815 6.141843 -8.5 -12.58085 -6.46448 -8.5 -12.41815 -6.141843 -8.5 -12.58085 -7 -8.5 -12.12436 -7.522195 -8.5 -11.80748 -8.030071 -8.5 -11.46813 -8.522661 -8.5 -11.10695 -8.999027 -8.5 -10.72462 -9.458263 -8.5 -10.32188 -9.899496 -8.5 -9.899496 -10.32188 -8.5 -9.458263 -10.72462 -8.5 -8.999027 -11.10695 -8.5 -8.522661 -11.46813 -8.5 -8.030071 -11.80748 -8.5 -7.522195 -12.12436 -8.5 -7 -12.41815 -8.5 -6.46448 -12.58085 -8.5 -6.141843 -12.41815 -8.5 6.46448 -12.58085 -8.5 6.141843 -12.12436 -8.5 7 -11.80748 -8.5 7.522195 -11.46813 -8.5 8.030071 -11.10695 -8.5 8.522661 -10.72462 -8.5 8.999027 -10.32188 -8.5 9.458263 -9.899496 -8.5 9.899496 -9.458263 -8.5 10.32188 -8.999027 -8.5 10.72462 -8.522661 -8.5 11.10695 -8.030071 -8.5 11.46813 -7.522195 -8.5 11.80748 -7 -8.5 12.12436 -6.46448 -8.5 12.41815 -5.916656 -8.5 12.68831 -5.357568 -8.5 12.93431 -4.788282 -8.5 13.1557 -4.209881 -8.5 13.35204 -3.623467 -8.5 13.52296 -3.030155 -8.5 13.66814 -2.431074 -8.5 13.78731 -1.827367 -8.5 13.88023 -1.22018 -8.5 13.94673 -0.6106714 -8.5 13.98668 0.6106714 -8.5 13.98668 1.22018 -8.5 13.94673 1.827367 -8.5 13.88023 2.431074 -8.5 13.78731 3.030155 -8.5 13.66814 3.623467 -8.5 13.52296 4.209881 -8.5 13.35204 4.788282 -8.5 13.1557 5.357568 -8.5 12.93431 5.916656 -8.5 12.68831 6.46448 -8.5 12.41815 7 -8.5 12.12436 7.522195 -8.5 11.80748 8.030071 -8.5 11.46813 8.522661 -8.5 11.10695 8.999027 -8.5 10.72462 9.458263 -8.5 10.32188 9.899496 -8.5 9.899496 10.32188 -8.5 9.458263 10.72462 -8.5 8.999027 11.10695 -8.5 8.522661 11.46813 -8.5 8.030071 11.80748 -8.5 7.522195 12.12436 -8.5 7 12.41815 -8.5 6.46448 12.58085 -8.5 6.141843 -0.110026 -8.5 19.94922 -18.96224 -8.5 22.59831 -19.92991 -8.5 21.74968 -9.497755 -8.5 21.33884 -9.497755 -8.5 20.46344 3.621745 -8.5 19.94922 4.357422 -8.5 19.94922 8.838835 -8.5 20.46344 8.838835 -8.5 14.65042 0.6555989 -8.5 19.94922 2.132162 -8.5 17.59245 -3.958919 -8.5 20.46344 -3.958919 -8.5 14.65042 -9.497755 -8.5 14.65042 0 -8.5 -29.5 1.286772 -8.5 -29.47192 1.579594 -8.5 -24.95005 2.629539 -8.5 -24.86133 2.571094 -8.5 -29.38775 3.674812 -8.5 -24.72844 3.850523 -8.5 -29.24762 4.713558 -8.5 -24.55163 5.122621 -8.5 -29.05183 5.74393 -8.5 -24.3312 6.384969 -8.5 -28.80073 6.764099 -8.5 -24.06755 7.635162 -8.5 -28.49481 7.772252 -8.5 -23.76115 8.870821 -8.5 -28.13465 8.766598 -8.5 -23.41254 0.5268433 -8.5 -24.99445 -0.5268433 -8.5 -24.99445 -1.286772 -8.5 -29.47192 -1.579594 -8.5 -24.95005 -2.571094 -8.5 -29.38775 -2.629539 -8.5 -24.86133 -3.850523 -8.5 -29.24762 -3.674812 -8.5 -24.72844 -5.122621 -8.5 -29.05183 -4.713558 -8.5 -24.55163 -6.384969 -8.5 -28.80073 -5.74393 -8.5 -24.3312 -7.635162 -8.5 -28.49481 -6.764099 -8.5 -24.06755 -8.870821 -8.5 -28.13465 -7.772252 -8.5 -23.76115 -10.08959 -8.5 -27.72093 -8.766598 -8.5 -23.41254 -9.745372 -8.5 -23.02233 -16.92051 -8.5 -24.16499 -15.85034 -8.5 -24.88005 -14.75 -8.5 -25.54775 -13.62158 -8.5 -26.16682 -12.46724 -8.5 -26.73608 -11.28916 -8.5 -27.25445 -17.95846 -8.5 -23.40392 -10.70683 -8.5 -22.59123 -11.64927 -8.5 -22.12 -18.96224 -8.5 -22.59831 -22.12 -8.5 -11.64927 -9.497755 -8.5 -18.39346 -19.92991 -8.5 -21.74968 -20.85965 -8.5 -20.85965 -23.40392 -8.5 -17.95846 -21.74968 -8.5 -19.92991 -22.59831 -8.5 -18.96224 -25.54775 -8.5 -14.75 -24.88005 -8.5 -15.85034 -23.02233 -8.5 -9.745372 -29.5 -8.5 0 -29.47192 -8.5 -1.286772 -24.95005 -8.5 -1.579594 -26.16682 -8.5 -13.62158 -22.59123 -8.5 -10.70683 -24.16499 -8.5 -16.92051 -24.86133 -8.5 -2.629539 -29.38775 -8.5 -2.571094 -24.72844 -8.5 -3.674812 -29.24762 -8.5 -3.850523 -24.55163 -8.5 -4.713558 -29.05183 -8.5 -5.122621 -24.3312 -8.5 -5.74393 -28.80073 -8.5 -6.384969 -24.06755 -8.5 -6.764099 -28.49481 -8.5 -7.635162 -23.76115 -8.5 -7.772252 -28.13465 -8.5 -8.870821 -23.41254 -8.5 -8.766598 -27.72093 -8.5 -10.08959 -27.25445 -8.5 -11.28916 -26.73608 -8.5 -12.46724 -25.54775 -8.5 14.75 -26.16682 -8.5 13.62158 -23.02233 -8.5 9.745372 -24.99445 -8.5 -0.5268433 -24.99445 -8.5 0.5268433 -29.47192 -8.5 1.286772 -24.95005 -8.5 1.579594 -29.38775 -8.5 2.571094 -24.86133 -8.5 2.629539 -29.24762 -8.5 3.850523 -24.72844 -8.5 3.674812 -29.05183 -8.5 5.122621 -24.55163 -8.5 4.713558 -28.80073 -8.5 6.384969 -24.3312 -8.5 5.74393 -28.49481 -8.5 7.635162 -24.06755 -8.5 6.764099 -28.13465 -8.5 8.870821 -23.76115 -8.5 7.772252 -27.72093 -8.5 10.08959 -23.41254 -8.5 8.766598 -27.25445 -8.5 11.28916 -26.73608 -8.5 12.46724 -22.98884 -8.5 14.65042 -22.59831 -8.5 18.96224 -23.40392 -8.5 17.95846 -24.16499 -8.5 16.92051 -24.88005 -8.5 15.85034 -20.85965 -8.5 20.85965 -21.74968 -8.5 19.92991 -11.28916 -8.5 27.25445 -12.46724 -8.5 26.73608 -15.85034 -8.5 24.88005 -16.92051 -8.5 24.16499 -17.95846 -8.5 23.40392 -13.62158 -8.5 26.16682 -14.75 -8.5 25.54775 -3.958919 -8.5 21.33884 -5.122621 -8.5 29.05183 -6.384969 -8.5 28.80073 -7.635162 -8.5 28.49481 -8.870821 -8.5 28.13465 -10.08959 -8.5 27.72093 -2.571094 -8.5 29.38775 8.838835 -8.5 21.33884 1.286772 -8.5 29.47192 0 -8.5 29.5 -1.286772 -8.5 29.47192 -3.850523 -8.5 29.24762 2.571094 -8.5 29.38775 3.850523 -8.5 29.24762 5.122621 -8.5 29.05183 6.384969 -8.5 28.80073 7.635162 -8.5 28.49481 8.870821 -8.5 28.13465 19.92991 -8.5 21.74968 18.96224 -8.5 22.59831 17.95846 -8.5 23.40392 16.92051 -8.5 24.16499 15.85034 -8.5 24.88005 14.75 -8.5 25.54775 13.62158 -8.5 26.16682 12.46724 -8.5 26.73608 11.28916 -8.5 27.25445 10.08959 -8.5 27.72093 20.85965 -8.5 20.85965 22.98884 -8.5 14.65042 22.59831 -8.5 18.96224 21.74968 -8.5 19.92991 23.40392 -8.5 17.95846 24.16499 -8.5 16.92051 26.16682 -8.5 13.62158 25.54775 -8.5 14.75 24.88005 -8.5 15.85034 29.5 -8.5 0 29.47192 -8.5 1.286772 24.95005 -8.5 1.579594 26.73608 -8.5 12.46724 23.02233 -8.5 9.745372 27.25445 -8.5 11.28916 23.41254 -8.5 8.766598 24.86133 -8.5 2.629539 29.38775 -8.5 2.571094 24.72844 -8.5 3.674812 29.24762 -8.5 3.850523 24.55163 -8.5 4.713558 29.05183 -8.5 5.122621 24.3312 -8.5 5.74393 28.80073 -8.5 6.384969 24.06755 -8.5 6.764099 28.49481 -8.5 7.635162 23.76115 -8.5 7.772252 28.13465 -8.5 8.870821 27.72093 -8.5 10.08959 24.88005 -8.5 -15.85034 25.54775 -8.5 -14.75 23.02233 -8.5 -9.745372 24.16499 -8.5 -16.92051 24.99445 -8.5 0.5268433 24.99445 -8.5 -0.5268433 29.47192 -8.5 -1.286772 24.95005 -8.5 -1.579594 29.38775 -8.5 -2.571094 24.86133 -8.5 -2.629539 29.24762 -8.5 -3.850523 24.72844 -8.5 -3.674812 29.05183 -8.5 -5.122621 24.55163 -8.5 -4.713558 28.80073 -8.5 -6.384969 24.3312 -8.5 -5.74393 28.49481 -8.5 -7.635162 24.06755 -8.5 -6.764099 28.13465 -8.5 -8.870821 23.76115 -8.5 -7.772252 27.72093 -8.5 -10.08959 23.41254 -8.5 -8.766598 27.25445 -8.5 -11.28916 26.16682 -8.5 -13.62158 26.73608 -8.5 -12.46724 23.40392 -8.5 -17.95846 22.59123 -8.5 -10.70683 22.12 -8.5 -11.64927 11.64927 -8.5 -22.12 10.70683 -8.5 -22.59123 17.95846 -8.5 -23.40392 9.745372 -8.5 -23.02233 16.92051 -8.5 -24.16499 8.838835 -8.5 -17.25218 21.74968 -8.5 -19.92991 20.85965 -8.5 -20.85965 19.92991 -8.5 -21.74968 22.59831 -8.5 -18.96224 18.96224 -8.5 -22.59831 10.08959 -8.5 -27.72093 11.28916 -8.5 -27.25445 12.46724 -8.5 -26.73608 13.62158 -8.5 -26.16682 14.75 -8.5 -25.54775 15.85034 -8.5 -24.88005 -22.59123 -8.5 10.70683 -22.12 -8.5 11.64927 22.59123 -8.5 10.70683 22.12 -8.5 11.64927</float_array>
          <technique_common>
            <accessor source="#ATI_mount_-_Part_1-mesh-positions-array" count="2279" stride="3">
              <param name="X" type="float"/>
              <param name="Y" type="float"/>
              <param name="Z" type="float"/>
            </accessor>
          </technique_common>
        </source>
        <source id="ATI_mount_-_Part_1-mesh-normals">
          <float_array id="ATI_mount_-_Part_1-mesh-normals-array" count="13782">0 -1 0 0 -1 0 0 -1 0 0 -1 0 0 -1 0 0 -1 0 0 -1 0 0 -1 0 0 -1 0 0 -1 0 0 -1 0 0 -1 0 0 -1 0 0 -1 0 0 -1 0 0 -1 0 0 -1 0 0 -1 0 0 -1 0 0 -1 0 0 -1 0 0 -1 0 0 -1 0 0 -1 0 0 -1 0 0 -1 0 0 -1 0 0 -1 0 0 -1 0 0 -1 0 0 -1 0 0 -1 0 0 -1 0 0 -1 0 0 -1 0 0 -1 0 0 -1 0 0 -1 0 0 -1 0 0 -1 0 0 -1 0 0 -1 0 0 -1 0 0 -1 0 0 -1 0 0 -1 0 0 -1 0 0 -1 0 0 -1 0 0 -1 0 0 -1 0 0 -1 0 0 -1 0 0 -1 0 0 -1 0 0 -1 0 0 -1 0 0 -1 0 0 -1 0 0 -1 0 0 -1 0 0 -1 0 0 -1 0 0 -1 0 0 -1 0 0 -1 0 0 -1 0 0 -1 0 0 -1 0 0 -1 0 0 -1 0 0 -1 0 0 -1 0 0 -1 0 0 -1 0 0 -1 0 0 -1 0 0 -1 0 0 -1 0 0 -1 0 0 -1 0 0 -1 0 0 -1 0 0 -1 0 0 -1 0 0 -1 0 0 -1 0 0 -1 0 0 -1 0 0 -1 0 0 -1 0 0 -1 0 0 -1 0 0 -1 0 0 -1 0 0 -1 0 0 -1 0 0 -1 0 0 -1 0 0 -1 0 0 -1 0 0 -1 0 0 -1 0 0 -1 0 0 -1 0 0 -1 0 0 -1 0 0 -1 0 0 -1 0 0 -1 0 0 -1 0 0 -1 0 0 -1 0 0 -1 0 0 -1 0 0 -1 0 0 -1 0 0 -1 0 0 -1 0 0 -1 0 0 -1 0 0 -1 0 0 -1 0 0 -1 0 0 -1 0 0 -1 0 0 -1 0 0 -1 0 0 -1 0 0 -1 0 0 -1 0 0 -1 0 0 -1 0 0 -1 0 0 -1 0 0 -1 0 0 -1 0 0 -1 0 0 -1 0 0 -1 0 0 -1 0 0 -1 0 0 -1 0 0 -1 0 -0.02183187 0 0.9997617 -0.02183187 0 0.9997617 -0.06538909 0 0.9978598 -0.06538909 0 0.9978598 -0.1088683 0 0.9940562 -0.1088683 0 0.9940562 -0.1521219 0 0.9883617 -0.1521219 0 0.9883617 -0.1950944 0 0.9807845 -0.1950944 0 0.9807845 -0.2376886 0 0.9713413 -0.2376886 0 0.9713413 -0.2798245 0 0.9600512 -0.2798245 0 0.9600512 -0.3214332 0 0.9469323 -0.3214332 0 0.9469323 -0.3624405 0 0.9320069 -0.3624405 0 0.9320069 -0.4027506 0 0.9153098 -0.4027506 0 0.9153098 -0.442284 0 0.896875 -0.442284 0 0.896875 -0.4809975 0 0.8767219 -0.4809975 0 0.8767219 -0.5187714 0 0.854913 -0.5187714 0 0.854913 -0.5555711 0 0.831469 -0.5555711 0 0.831469 -0.5913062 0 0.806447 -0.5913062 0 0.806447 -0.6259269 0 0.7798817 -0.6259269 0 0.7798817 -0.6593422 0 0.751843 -0.6593422 0 0.751843 -0.6915153 0 0.7223619 -0.6915153 0 0.7223619 -0.7223684 0 0.6915085 -0.7223684 0 0.6915085 -0.7518311 0 0.6593558 -0.7518311 0 0.6593558 -0.7798928 0 0.6259132 -0.7798928 0 0.6259132 -0.8064408 0 0.5913149 -0.8064408 0 0.5913149 -0.83147 0 0.5555697 -0.83147 0 0.5555697 -0.8549094 0 0.5187773 -0.8549094 0 0.5187773 -0.8767276 0 0.4809874 -0.8767276 0 0.4809874 -0.8968724 0 0.4422894 -0.8968724 0 0.4422894 -0.9153122 0 0.402745 -0.9153122 0 0.402745 -0.9320069 0 0.3624405 -0.9320069 0 0.3624405 -0.9469302 0 0.3214391 -0.9469302 0 0.3214391 -0.9600502 0 0.2798281 -0.9600502 0 0.2798281 -0.9713437 0 0.2376793 -0.9713437 0 0.2376793 -0.9807839 0 0.1950969 -0.9807839 0 0.1950969 -0.9883621 0 0.1521199 -0.9883621 0 0.1521199 -0.9940563 0 0.1088669 -0.9940563 0 0.1088669 -0.997859 0 0.06540316 -0.997859 0 0.06540316 -0.9997619 0 0.02181857 -0.9997619 0 0.02181857 -0.9997619 0 -0.02181857 -0.9997619 0 -0.02181857 -0.997859 0 -0.06540232 -0.997859 0 -0.06540232 -0.9940562 0 -0.1088683 -0.9940562 0 -0.1088683 -0.9883617 0 -0.1521219 -0.9883617 0 -0.1521219 -0.9807845 0 -0.1950944 -0.9807845 0 -0.1950944 -0.9713429 0 -0.2376824 -0.9713429 0 -0.2376824 -0.9600512 0 -0.2798245 -0.9600512 0 -0.2798245 -0.9469302 0 -0.3214391 -0.9469302 0 -0.3214391 -0.9320069 0 -0.3624405 -0.9320069 0 -0.3624405 -0.9153122 0 -0.402745 -0.9153122 0 -0.402745 -0.8968698 0 -0.4422947 -0.8968698 0 -0.4422947 -0.8767276 0 -0.4809874 -0.8767276 0 -0.4809874 -0.854913 0 -0.5187714 -0.854913 0 -0.5187714 -0.831472 0 -0.5555666 -0.831472 0 -0.5555666 -0.8064408 0 -0.5913149 -0.8064408 0 -0.5913149 -0.779885 0 -0.6259229 -0.779885 0 -0.6259229 -0.7518397 0 -0.6593459 -0.7518397 0 -0.6593459 -0.7223652 0 -0.6915118 -0.7223652 0 -0.6915118 -0.6915118 0 -0.7223652 -0.6915118 0 -0.7223652 -0.6593459 0 -0.7518397 -0.6593459 0 -0.7518397 -0.6259229 0 -0.779885 -0.6259229 0 -0.779885 -0.5913149 0 -0.8064408 -0.5913149 0 -0.8064408 -0.5555666 0 -0.831472 -0.5555666 0 -0.831472 -0.5187714 0 -0.854913 -0.5187714 0 -0.854913 -0.4809874 0 -0.8767276 -0.4809874 0 -0.8767276 -0.4422947 0 -0.8968698 -0.4422947 0 -0.8968698 -0.402745 0 -0.9153122 -0.402745 0 -0.9153122 -0.3624405 0 -0.9320069 -0.3624405 0 -0.9320069 -0.3214391 0 -0.9469302 -0.3214391 0 -0.9469302 -0.2798245 0 -0.9600512 -0.2798245 0 -0.9600512 -0.2376824 0 -0.9713429 -0.2376824 0 -0.9713429 -0.1950944 0 -0.9807845 -0.1950944 0 -0.9807845 -0.1521219 0 -0.9883617 -0.1521219 0 -0.9883617 -0.1088683 0 -0.9940562 -0.1088683 0 -0.9940562 -0.06540232 0 -0.997859 -0.06540232 0 -0.997859 -0.02181857 0 -0.9997619 -0.02181857 0 -0.9997619 0.02181857 0 -0.9997619 0.02181857 0 -0.9997619 0.06540316 0 -0.997859 0.06540316 0 -0.997859 0.1088669 0 -0.9940563 0.1088669 0 -0.9940563 0.1521199 0 -0.9883621 0.1521199 0 -0.9883621 0.1950969 0 -0.9807839 0.1950969 0 -0.9807839 0.2376793 0 -0.9713437 0.2376793 0 -0.9713437 0.2798281 0 -0.9600502 0.2798281 0 -0.9600502 0.3214391 0 -0.9469302 0.3214391 0 -0.9469302 0.3624405 0 -0.9320069 0.3624405 0 -0.9320069 0.402745 0 -0.9153122 0.402745 0 -0.9153122 0.4422894 0 -0.8968724 0.4422894 0 -0.8968724 0.4809874 0 -0.8767276 0.4809874 0 -0.8767276 0.5187773 0 -0.8549094 0.5187773 0 -0.8549094 0.5555697 0 -0.83147 0.5555697 0 -0.83147 0.5913149 0 -0.8064408 0.5913149 0 -0.8064408 0.6259132 0 -0.7798928 0.6259132 0 -0.7798928 0.6593558 0 -0.7518311 0.6593558 0 -0.7518311 0.6915085 0 -0.7223684 0.6915085 0 -0.7223684 0.7223619 0 -0.6915153 0.7223619 0 -0.6915153 0.751843 0 -0.6593422 0.751843 0 -0.6593422 0.7798817 0 -0.6259269 0.7798817 0 -0.6259269 0.806447 0 -0.5913062 0.806447 0 -0.5913062 0.831469 0 -0.5555711 0.831469 0 -0.5555711 0.854913 0 -0.5187714 0.854913 0 -0.5187714 0.8767219 0 -0.4809975 0.8767219 0 -0.4809975 0.896875 0 -0.442284 0.896875 0 -0.442284 0.9153098 0 -0.4027506 0.9153098 0 -0.4027506 0.9320069 0 -0.3624405 0.9320069 0 -0.3624405 0.9469323 0 -0.3214332 0.9469323 0 -0.3214332 0.9600512 0 -0.2798245 0.9600512 0 -0.2798245 0.9713413 0 -0.2376886 0.9713413 0 -0.2376886 0.9807845 0 -0.1950944 0.9807845 0 -0.1950944 0.9883617 0 -0.1521219 0.9883617 0 -0.1521219 0.9940562 0 -0.1088683 0.9940562 0 -0.1088683 0.9978598 0 -0.06538909 0.9978598 0 -0.06538909 0.9997617 0 -0.02183187 0.9997617 0 -0.02183187 0.9997617 0 0.02183187 0.9997617 0 0.02183187 0.9978598 0 0.06538999 0.9978598 0 0.06538999 0.9940563 0 0.1088669 0.9940563 0 0.1088669 0.9883621 0 0.1521199 0.9883621 0 0.1521199 0.9807839 0 0.1950969 0.9807839 0 0.1950969 0.9713421 0 0.2376856 0.9713421 0 0.2376856 0.9600502 0 0.2798281 0.9600502 0 0.2798281 0.9469323 0 0.3214332 0.9469323 0 0.3214332 0.9320069 0 0.3624405 0.9320069 0 0.3624405 0.9153098 0 0.4027506 0.9153098 0 0.4027506 0.8968777 0 0.4422788 0.8968777 0 0.4422788 0.8767219 0 0.4809975 0.8767219 0 0.4809975 0.8549094 0 0.5187773 0.8549094 0 0.5187773 0.831467 0 0.5555742 0.831467 0 0.5555742 0.806447 0 0.5913062 0.806447 0 0.5913062 0.7798895 0 0.6259172 0.7798895 0 0.6259172 0.7518343 0 0.6593521 0.7518343 0 0.6593521 0.722365 0 0.6915119 0.722365 0 0.6915119 0.6915119 0 0.722365 0.6915119 0 0.722365 0.6593521 0 0.7518343 0.6593521 0 0.7518343 0.6259172 0 0.7798895 0.6259172 0 0.7798895 0.5913062 0 0.806447 0.5913062 0 0.806447 0.5555742 0 0.831467 0.5555742 0 0.831467 0.5187773 0 0.8549094 0.5187773 0 0.8549094 0.4809975 0 0.8767219 0.4809975 0 0.8767219 0.4422788 0 0.8968777 0.4422788 0 0.8968777 0.4027506 0 0.9153098 0.4027506 0 0.9153098 0.3624405 0 0.9320069 0.3624405 0 0.9320069 0.3214332 0 0.9469323 0.3214332 0 0.9469323 0.2798281 0 0.9600502 0.2798281 0 0.9600502 0.2376856 0 0.9713421 0.2376856 0 0.9713421 0.1950969 0 0.9807839 0.1950969 0 0.9807839 0.1521199 0 0.9883621 0.1521199 0 0.9883621 0.1088669 0 0.9940563 0.1088669 0 0.9940563 0.06538999 0 0.9978598 0.06538999 0 0.9978598 0.02183187 0 0.9997617 0.02183187 0 0.9997617 -0.02183187 0 0.9997617 -0.02183187 0 0.9997617 -0.06538999 0 0.9978598 -0.06538999 0 0.9978598 -0.1088669 0 0.9940563 -0.1088669 0 0.9940563 -0.1521199 0 0.9883621 -0.1521199 0 0.9883621 -0.1950969 0 0.9807839 -0.1950969 0 0.9807839 -0.2376856 0 0.9713421 -0.2376856 0 0.9713421 -0.2798281 0 0.9600502 -0.2798281 0 0.9600502 -0.3214332 0 0.9469323 -0.3214332 0 0.9469323 -0.3624405 0 0.9320069 -0.3624405 0 0.9320069 -0.4027506 0 0.9153098 -0.4027506 0 0.9153098 -0.4422788 0 0.8968777 -0.4422788 0 0.8968777 -0.4809975 0 0.8767219 -0.4809975 0 0.8767219 -0.5187773 0 0.8549094 -0.5187773 0 0.8549094 -0.5555742 0 0.831467 -0.5555742 0 0.831467 -0.5913062 0 0.806447 -0.5913062 0 0.806447 -0.6259172 0 0.7798895 -0.6259172 0 0.7798895 -0.6593521 0 0.7518343 -0.6593521 0 0.7518343 -0.6915119 0 0.722365 -0.6915119 0 0.722365 -0.722365 0 0.6915119 -0.722365 0 0.6915119 -0.7518343 0 0.6593521 -0.7518343 0 0.6593521 -0.7798895 0 0.6259172 -0.7798895 0 0.6259172 -0.806447 0 0.5913062 -0.806447 0 0.5913062 -0.831467 0 0.5555742 -0.831467 0 0.5555742 -0.8549094 0 0.5187773 -0.8549094 0 0.5187773 -0.8767219 0 0.4809975 -0.8767219 0 0.4809975 -0.8968777 0 0.4422788 -0.8968777 0 0.4422788 -0.9153098 0 0.4027506 -0.9153098 0 0.4027506 -0.9320069 0 0.3624405 -0.9320069 0 0.3624405 -0.9469323 0 0.3214332 -0.9469323 0 0.3214332 -0.9600502 0 0.2798281 -0.9600502 0 0.2798281 -0.9713421 0 0.2376856 -0.9713421 0 0.2376856 -0.9807839 0 0.1950969 -0.9807839 0 0.1950969 -0.9883621 0 0.1521199 -0.9883621 0 0.1521199 -0.9940563 0 0.1088669 -0.9940563 0 0.1088669 -0.9978598 0 0.06538999 -0.9978598 0 0.06538999 -0.9997617 0 0.02183187 -0.9997617 0 0.02183187 -0.9997617 0 -0.02183187 -0.9997617 0 -0.02183187 -0.9978598 0 -0.06538909 -0.9978598 0 -0.06538909 -0.9940562 0 -0.1088683 -0.9940562 0 -0.1088683 -0.9883617 0 -0.1521219 -0.9883617 0 -0.1521219 -0.9807845 0 -0.1950944 -0.9807845 0 -0.1950944 -0.9713413 0 -0.2376886 -0.9713413 0 -0.2376886 -0.9600512 0 -0.2798245 -0.9600512 0 -0.2798245 -0.9469323 0 -0.3214332 -0.9469323 0 -0.3214332 -0.9320069 0 -0.3624405 -0.9320069 0 -0.3624405 -0.9153098 0 -0.4027506 -0.9153098 0 -0.4027506 -0.896875 0 -0.442284 -0.896875 0 -0.442284 -0.8767219 0 -0.4809975 -0.8767219 0 -0.4809975 -0.854913 0 -0.5187714 -0.854913 0 -0.5187714 -0.831469 0 -0.5555711 -0.831469 0 -0.5555711 -0.806447 0 -0.5913062 -0.806447 0 -0.5913062 -0.7798817 0 -0.6259269 -0.7798817 0 -0.6259269 -0.751843 0 -0.6593422 -0.751843 0 -0.6593422 -0.7223619 0 -0.6915153 -0.7223619 0 -0.6915153 -0.6915085 0 -0.7223684 -0.6915085 0 -0.7223684 -0.6593558 0 -0.7518311 -0.6593558 0 -0.7518311 -0.6259132 0 -0.7798928 -0.6259132 0 -0.7798928 -0.5913149 0 -0.8064408 -0.5913149 0 -0.8064408 -0.5555697 0 -0.83147 -0.5555697 0 -0.83147 -0.5187773 0 -0.8549094 -0.5187773 0 -0.8549094 -0.4809874 0 -0.8767276 -0.4809874 0 -0.8767276 -0.4422894 0 -0.8968724 -0.4422894 0 -0.8968724 -0.402745 0 -0.9153122 -0.402745 0 -0.9153122 -0.3624405 0 -0.9320069 -0.3624405 0 -0.9320069 -0.3214391 0 -0.9469302 -0.3214391 0 -0.9469302 -0.2798281 0 -0.9600502 -0.2798281 0 -0.9600502 -0.2376793 0 -0.9713437 -0.2376793 0 -0.9713437 -0.1950969 0 -0.9807839 -0.1950969 0 -0.9807839 -0.1521199 0 -0.9883621 -0.1521199 0 -0.9883621 -0.1088669 0 -0.9940563 -0.1088669 0 -0.9940563 -0.06540316 0 -0.997859 -0.06540316 0 -0.997859 -0.02181857 0 -0.9997619 -0.02181857 0 -0.9997619 0.02181857 0 -0.9997619 0.02181857 0 -0.9997619 0.06540232 0 -0.997859 0.06540232 0 -0.997859 0.1088683 0 -0.9940562 0.1088683 0 -0.9940562 0.1521219 0 -0.9883617 0.1521219 0 -0.9883617 0.1950944 0 -0.9807845 0.1950944 0 -0.9807845 0.2376824 0 -0.9713429 0.2376824 0 -0.9713429 0.2798245 0 -0.9600512 0.2798245 0 -0.9600512 0.3214391 0 -0.9469302 0.3214391 0 -0.9469302 0.3624405 0 -0.9320069 0.3624405 0 -0.9320069 0.402745 0 -0.9153122 0.402745 0 -0.9153122 0.4422947 0 -0.8968698 0.4422947 0 -0.8968698 0.4809874 0 -0.8767276 0.4809874 0 -0.8767276 0.5187714 0 -0.854913 0.5187714 0 -0.854913 0.5555666 0 -0.831472 0.5555666 0 -0.831472 0.5913149 0 -0.8064408 0.5913149 0 -0.8064408 0.6259229 0 -0.779885 0.6259229 0 -0.779885 0.6593459 0 -0.7518397 0.6593459 0 -0.7518397 0.6915118 0 -0.7223652 0.6915118 0 -0.7223652 0.7223652 0 -0.6915118 0.7223652 0 -0.6915118 0.7518397 0 -0.6593459 0.7518397 0 -0.6593459 0.779885 0 -0.6259229 0.779885 0 -0.6259229 0.8064408 0 -0.5913149 0.8064408 0 -0.5913149 0.831472 0 -0.5555666 0.831472 0 -0.5555666 0.854913 0 -0.5187714 0.854913 0 -0.5187714 0.8767276 0 -0.4809874 0.8767276 0 -0.4809874 0.8968698 0 -0.4422947 0.8968698 0 -0.4422947 0.9153122 0 -0.402745 0.9153122 0 -0.402745 0.9320069 0 -0.3624405 0.9320069 0 -0.3624405 0.9469302 0 -0.3214391 0.9469302 0 -0.3214391 0.9600512 0 -0.2798245 0.9600512 0 -0.2798245 0.9713429 0 -0.2376824 0.9713429 0 -0.2376824 0.9807845 0 -0.1950944 0.9807845 0 -0.1950944 0.9883617 0 -0.1521219 0.9883617 0 -0.1521219 0.9940562 0 -0.1088683 0.9940562 0 -0.1088683 0.997859 0 -0.06540232 0.997859 0 -0.06540232 0.9997619 0 -0.02181857 0.9997619 0 -0.02181857 0.9997619 0 0.02181857 0.9997619 0 0.02181857 0.997859 0 0.06540316 0.997859 0 0.06540316 0.9940563 0 0.1088669 0.9940563 0 0.1088669 0.9883621 0 0.1521199 0.9883621 0 0.1521199 0.9807839 0 0.1950969 0.9807839 0 0.1950969 0.9713437 0 0.2376793 0.9713437 0 0.2376793 0.9600502 0 0.2798281 0.9600502 0 0.2798281 0.9469302 0 0.3214391 0.9469302 0 0.3214391 0.9320069 0 0.3624405 0.9320069 0 0.3624405 0.9153122 0 0.402745 0.9153122 0 0.402745 0.8968724 0 0.4422894 0.8968724 0 0.4422894 0.8767276 0 0.4809874 0.8767276 0 0.4809874 0.8549094 0 0.5187773 0.8549094 0 0.5187773 0.83147 0 0.5555697 0.83147 0 0.5555697 0.8064408 0 0.5913149 0.8064408 0 0.5913149 0.7798928 0 0.6259132 0.7798928 0 0.6259132 0.7518311 0 0.6593558 0.7518311 0 0.6593558 0.7223684 0 0.6915085 0.7223684 0 0.6915085 0.6915153 0 0.7223619 0.6915153 0 0.7223619 0.6593422 0 0.751843 0.6593422 0 0.751843 0.6259269 0 0.7798817 0.6259269 0 0.7798817 0.5913062 0 0.806447 0.5913062 0 0.806447 0.5555711 0 0.831469 0.5555711 0 0.831469 0.5187714 0 0.854913 0.5187714 0 0.854913 0.4809975 0 0.8767219 0.4809975 0 0.8767219 0.442284 0 0.896875 0.442284 0 0.896875 0.4027506 0 0.9153098 0.4027506 0 0.9153098 0.3624405 0 0.9320069 0.3624405 0 0.9320069 0.3214332 0 0.9469323 0.3214332 0 0.9469323 0.2798245 0 0.9600512 0.2798245 0 0.9600512 0.2376886 0 0.9713413 0.2376886 0 0.9713413 0.1950944 0 0.9807845 0.1950944 0 0.9807845 0.1521219 0 0.9883617 0.1521219 0 0.9883617 0.1088683 0 0.9940562 0.1088683 0 0.9940562 0.06538909 0 0.9978598 0.06538909 0 0.9978598 0.02183187 0 0.9997617 0.02183187 0 0.9997617 -0.02181857 0 0.9997619 -0.02181857 0 0.9997619 -0.06540316 0 0.997859 -0.06540316 0 0.997859 -0.1088669 0 0.9940563 -0.1088669 0 0.9940563 -0.1521199 0 0.9883621 -0.1521199 0 0.9883621 -0.1950969 0 0.9807839 -0.1950969 0 0.9807839 -0.2376793 0 0.9713437 -0.2376793 0 0.9713437 -0.2798281 0 0.9600502 -0.2798281 0 0.9600502 -0.3214391 0 0.9469302 -0.3214391 0 0.9469302 -0.3624405 0 0.9320069 -0.3624405 0 0.9320069 -0.402745 0 0.9153122 -0.402745 0 0.9153122 -0.4422894 0 0.8968724 -0.4422894 0 0.8968724 -0.4809874 0 0.8767276 -0.4809874 0 0.8767276 -0.5187773 0 0.8549094 -0.5187773 0 0.8549094 -0.5555697 0 0.83147 -0.5555697 0 0.83147 -0.5913149 0 0.8064408 -0.5913149 0 0.8064408 -0.6259132 0 0.7798928 -0.6259132 0 0.7798928 -0.6593558 0 0.7518311 -0.6593558 0 0.7518311 -0.6915085 0 0.7223684 -0.6915085 0 0.7223684 -0.7223619 0 0.6915153 -0.7223619 0 0.6915153 -0.751843 0 0.6593422 -0.751843 0 0.6593422 -0.7798817 0 0.6259269 -0.7798817 0 0.6259269 -0.806447 0 0.5913062 -0.806447 0 0.5913062 -0.831469 0 0.5555711 -0.831469 0 0.5555711 -0.854913 0 0.5187714 -0.854913 0 0.5187714 -0.8767219 0 0.4809975 -0.8767219 0 0.4809975 -0.896875 0 0.442284 -0.896875 0 0.442284 -0.9153098 0 0.4027506 -0.9153098 0 0.4027506 -0.9320069 0 0.3624405 -0.9320069 0 0.3624405 -0.9469323 0 0.3214332 -0.9469323 0 0.3214332 -0.9600512 0 0.2798245 -0.9600512 0 0.2798245 -0.9713413 0 0.2376886 -0.9713413 0 0.2376886 -0.9807845 0 0.1950944 -0.9807845 0 0.1950944 -0.9883617 0 0.1521219 -0.9883617 0 0.1521219 -0.9940562 0 0.1088683 -0.9940562 0 0.1088683 -0.9978598 0 0.06538909 -0.9978598 0 0.06538909 -0.9997617 0 0.02183187 -0.9997617 0 0.02183187 -0.9997617 0 -0.02183187 -0.9997617 0 -0.02183187 -0.9978598 0 -0.06538999 -0.9978598 0 -0.06538999 -0.9940563 0 -0.1088669 -0.9940563 0 -0.1088669 -0.9883621 0 -0.1521199 -0.9883621 0 -0.1521199 -0.9807839 0 -0.1950969 -0.9807839 0 -0.1950969 -0.9713421 0 -0.2376856 -0.9713421 0 -0.2376856 -0.9600502 0 -0.2798281 -0.9600502 0 -0.2798281 -0.9469323 0 -0.3214332 -0.9469323 0 -0.3214332 -0.9320069 0 -0.3624405 -0.9320069 0 -0.3624405 -0.9153098 0 -0.4027506 -0.9153098 0 -0.4027506 -0.8968777 0 -0.4422788 -0.8968777 0 -0.4422788 -0.8767219 0 -0.4809975 -0.8767219 0 -0.4809975 -0.8549094 0 -0.5187773 -0.8549094 0 -0.5187773 -0.831467 0 -0.5555742 -0.831467 0 -0.5555742 -0.806447 0 -0.5913062 -0.806447 0 -0.5913062 -0.7798895 0 -0.6259172 -0.7798895 0 -0.6259172 -0.7518343 0 -0.6593521 -0.7518343 0 -0.6593521 -0.722365 0 -0.6915119 -0.722365 0 -0.6915119 -0.6915119 0 -0.722365 -0.6915119 0 -0.722365 -0.6593521 0 -0.7518343 -0.6593521 0 -0.7518343 -0.6259172 0 -0.7798895 -0.6259172 0 -0.7798895 -0.5913062 0 -0.806447 -0.5913062 0 -0.806447 -0.5555742 0 -0.831467 -0.5555742 0 -0.831467 -0.5187773 0 -0.8549094 -0.5187773 0 -0.8549094 -0.4809975 0 -0.8767219 -0.4809975 0 -0.8767219 -0.4422788 0 -0.8968777 -0.4422788 0 -0.8968777 -0.4027506 0 -0.9153098 -0.4027506 0 -0.9153098 -0.3624405 0 -0.9320069 -0.3624405 0 -0.9320069 -0.3214332 0 -0.9469323 -0.3214332 0 -0.9469323 -0.2798281 0 -0.9600502 -0.2798281 0 -0.9600502 -0.2376856 0 -0.9713421 -0.2376856 0 -0.9713421 -0.1950969 0 -0.9807839 -0.1950969 0 -0.9807839 -0.1521199 0 -0.9883621 -0.1521199 0 -0.9883621 -0.1088669 0 -0.9940563 -0.1088669 0 -0.9940563 -0.06538999 0 -0.9978598 -0.06538999 0 -0.9978598 -0.02183187 0 -0.9997617 -0.02183187 0 -0.9997617 0.02183187 0 -0.9997617 0.02183187 0 -0.9997617 0.06538909 0 -0.9978598 0.06538909 0 -0.9978598 0.1088683 0 -0.9940562 0.1088683 0 -0.9940562 0.1521219 0 -0.9883617 0.1521219 0 -0.9883617 0.1950944 0 -0.9807845 0.1950944 0 -0.9807845 0.2376886 0 -0.9713413 0.2376886 0 -0.9713413 0.2798245 0 -0.9600512 0.2798245 0 -0.9600512 0.3214332 0 -0.9469323 0.3214332 0 -0.9469323 0.3624405 0 -0.9320069 0.3624405 0 -0.9320069 0.4027506 0 -0.9153098 0.4027506 0 -0.9153098 0.442284 0 -0.896875 0.442284 0 -0.896875 0.4809975 0 -0.8767219 0.4809975 0 -0.8767219 0.5187714 0 -0.854913 0.5187714 0 -0.854913 0.5555711 0 -0.831469 0.5555711 0 -0.831469 0.5913062 0 -0.806447 0.5913062 0 -0.806447 0.6259269 0 -0.7798817 0.6259269 0 -0.7798817 0.6593422 0 -0.751843 0.6593422 0 -0.751843 0.6915153 0 -0.7223619 0.6915153 0 -0.7223619 0.7223684 0 -0.6915085 0.7223684 0 -0.6915085 0.7518311 0 -0.6593558 0.7518311 0 -0.6593558 0.7798928 0 -0.6259132 0.7798928 0 -0.6259132 0.8064408 0 -0.5913149 0.8064408 0 -0.5913149 0.83147 0 -0.5555697 0.83147 0 -0.5555697 0.8549094 0 -0.5187773 0.8549094 0 -0.5187773 0.8767276 0 -0.4809874 0.8767276 0 -0.4809874 0.8968724 0 -0.4422894 0.8968724 0 -0.4422894 0.9153122 0 -0.402745 0.9153122 0 -0.402745 0.9320069 0 -0.3624405 0.9320069 0 -0.3624405 0.9469302 0 -0.3214391 0.9469302 0 -0.3214391 0.9600502 0 -0.2798281 0.9600502 0 -0.2798281 0.9713437 0 -0.2376793 0.9713437 0 -0.2376793 0.9807839 0 -0.1950969 0.9807839 0 -0.1950969 0.9883621 0 -0.1521199 0.9883621 0 -0.1521199 0.9940563 0 -0.1088669 0.9940563 0 -0.1088669 0.997859 0 -0.06540316 0.997859 0 -0.06540316 0.9997619 0 -0.02181857 0.9997619 0 -0.02181857 0.9997619 0 0.02181857 0.9997619 0 0.02181857 0.997859 0 0.06540232 0.997859 0 0.06540232 0.9940562 0 0.1088683 0.9940562 0 0.1088683 0.9883617 0 0.1521219 0.9883617 0 0.1521219 0.9807845 0 0.1950944 0.9807845 0 0.1950944 0.9713429 0 0.2376824 0.9713429 0 0.2376824 0.9600512 0 0.2798245 0.9600512 0 0.2798245 0.9469302 0 0.3214391 0.9469302 0 0.3214391 0.9320069 0 0.3624405 0.9320069 0 0.3624405 0.9153122 0 0.402745 0.9153122 0 0.402745 0.8968698 0 0.4422947 0.8968698 0 0.4422947 0.8767276 0 0.4809874 0.8767276 0 0.4809874 0.854913 0 0.5187714 0.854913 0 0.5187714 0.831472 0 0.5555666 0.831472 0 0.5555666 0.8064408 0 0.5913149 0.8064408 0 0.5913149 0.779885 0 0.6259229 0.779885 0 0.6259229 0.7518397 0 0.6593459 0.7518397 0 0.6593459 0.7223652 0 0.6915118 0.7223652 0 0.6915118 0.6915118 0 0.7223652 0.6915118 0 0.7223652 0.6593459 0 0.7518397 0.6593459 0 0.7518397 0.6259229 0 0.779885 0.6259229 0 0.779885 0.5913149 0 0.8064408 0.5913149 0 0.8064408 0.5555666 0 0.831472 0.5555666 0 0.831472 0.5187714 0 0.854913 0.5187714 0 0.854913 0.4809874 0 0.8767276 0.4809874 0 0.8767276 0.4422947 0 0.8968698 0.4422947 0 0.8968698 0.402745 0 0.9153122 0.402745 0 0.9153122 0.3624405 0 0.9320069 0.3624405 0 0.9320069 0.3214391 0 0.9469302 0.3214391 0 0.9469302 0.2798245 0 0.9600512 0.2798245 0 0.9600512 0.2376824 0 0.9713429 0.2376824 0 0.9713429 0.1950944 0 0.9807845 0.1950944 0 0.9807845 0.1521219 0 0.9883617 0.1521219 0 0.9883617 0.1088683 0 0.9940562 0.1088683 0 0.9940562 0.06540232 0 0.997859 0.06540232 0 0.997859 0.02181857 0 0.9997619 0.02181857 0 0.9997619 -0.02180534 0 0.9997622 -0.02180534 0 0.9997622 -0.06541597 0 0.9978581 -0.06541597 0 0.9978581 -0.1088678 0 0.9940562 -0.1088678 0 0.9940562 -0.1521078 0 0.9883639 -0.1521078 0 0.9883639 -0.1951081 0 0.9807817 -0.1951081 0 0.9807817 -0.2376737 0 0.971345 -0.2376737 0 0.971345 -0.2798267 0 0.9600505 -0.2798267 0 0.9600505 -0.3214491 0 0.9469269 -0.3214491 0 0.9469269 -0.3624259 0 0.9320126 -0.3624259 0 0.9320126 -0.4027494 0 0.9153103 -0.4027494 0 0.9153103 -0.4422931 0 0.8968706 -0.4422931 0 0.8968706 -0.480989 0 0.8767266 -0.480989 0 0.8767266 -0.5187718 0 0.8549128 -0.5187718 0 0.8549128 -0.5555628 0 0.8314746 -0.5555628 0 0.8314746 -0.5913133 0 0.806442 -0.5913133 0 0.806442 -0.6259269 0 0.7798817 -0.6259269 0 0.7798817 -0.6593505 0 0.7518357 -0.6593505 0 0.7518357 -0.6915084 0 0.7223685 -0.6915084 0 0.7223685 -0.7223612 0 0.6915159 -0.7223612 0 0.6915159 -0.7518434 0 0.6593418 -0.7518434 0 0.6593418 -0.7798824 0 0.6259261 -0.7798824 0 0.6259261 -0.8064432 0 0.5913116 -0.8064432 0 0.5913116 -0.8314718 0 0.555567 -0.8314718 0 0.555567 -0.8549122 0 0.5187726 -0.8549122 0 0.5187726 -0.8767282 0 0.4809861 -0.8767282 0 0.4809861 -0.8968711 0 0.442292 -0.8968711 0 0.442292 -0.9153137 0 0.4027415 -0.9153137 0 0.4027415 -0.9320064 0 0.362442 -0.9320064 0 0.362442 -0.9469304 0 0.3214387 -0.9469304 0 0.3214387 -0.9600497 0 0.2798296 -0.9600497 0 0.2798296 -0.9713421 0 0.2376856 -0.9713421 0 0.2376856 -0.9807854 0 0.1950896 -0.9807854 0 0.1950896 -0.9883612 0 0.1521251 -0.9883612 0 0.1521251 -0.9940564 0 0.1088667 -0.9940564 0 0.1088667 -0.997859 0 0.06540316 -0.997859 0 0.06540316 -0.9997621 0 0.021815 -0.9997621 0 0.021815 -0.9997621 0 -0.02181529 -0.9997621 0 -0.02181529 -0.997859 0 -0.06540316 -0.997859 0 -0.06540316 -0.9940565 0 -0.1088653 -0.9940565 0 -0.1088653 -0.9883616 0 -0.1521231 -0.9883616 0 -0.1521231 -0.980785 0 -0.1950922 -0.980785 0 -0.1950922 -0.9713421 0 -0.2376856 -0.9713421 0 -0.2376856 -0.9600497 0 -0.2798296 -0.9600497 0 -0.2798296 -0.9469304 0 -0.3214387 -0.9469304 0 -0.3214387 -0.9320081 0 -0.3624374 -0.9320081 0 -0.3624374 -0.9153137 0 -0.4027415 -0.9153137 0 -0.4027415 -0.8968711 0 -0.442292 -0.8968711 0 -0.442292 -0.8767252 0 -0.4809917 -0.8767252 0 -0.4809917 -0.8549159 0 -0.5187667 -0.8549159 0 -0.5187667 -0.8314636 0 -0.5555792 -0.8314636 0 -0.5555792 -0.8064478 0 -0.5913053 -0.8064478 0 -0.5913053 -0.7798824 0 -0.6259261 -0.7798824 0 -0.6259261 -0.7518376 0 -0.6593483 -0.7518376 0 -0.6593483 -0.7223739 0 -0.6915028 -0.7223739 0 -0.6915028 -0.6915084 0 -0.7223685 -0.6915084 0 -0.7223685 -0.659343 0 -0.7518423 -0.659343 0 -0.7518423 -0.6259189 0 -0.7798882 -0.6259189 0 -0.7798882 -0.5913133 0 -0.806442 -0.5913133 0 -0.806442 -0.5555811 0 -0.8314624 -0.5555811 0 -0.8314624 -0.5187621 0 -0.8549187 -0.5187621 0 -0.8549187 -0.480989 0 -0.8767266 -0.480989 0 -0.8767266 -0.4422931 0 -0.8968706 -0.4422931 0 -0.8968706 -0.4027383 0 -0.9153152 -0.4027383 0 -0.9153152 -0.3624489 0 -0.9320036 -0.3624489 0 -0.9320036 -0.3214253 0 -0.9469349 -0.3214253 0 -0.9469349 -0.2798267 0 -0.9600505 -0.2798267 0 -0.9600505 -0.2376987 0 -0.9713389 -0.2376987 0 -0.9713389 -0.1950826 0 -0.9807869 -0.1950826 0 -0.9807869 -0.1521338 0 -0.9883599 -0.1521338 0 -0.9883599 -0.1088678 0 -0.9940562 -0.1088678 0 -0.9940562 -0.0654028 0 -0.997859 -0.0654028 0 -0.997859 -0.02181857 0 -0.9997619 -0.02181857 0 -0.9997619 0.02181857 0 -0.9997619 0.02181857 0 -0.9997619 0.0654028 0 -0.997859 0.0654028 0 -0.997859 0.1088678 0 -0.9940562 0.1088678 0 -0.9940562 0.1521338 0 -0.9883599 0.1521338 0 -0.9883599 0.1950826 0 -0.9807869 0.1950826 0 -0.9807869 0.2376987 0 -0.9713389 0.2376987 0 -0.9713389 0.2798267 0 -0.9600505 0.2798267 0 -0.9600505 0.3214253 0 -0.9469349 0.3214253 0 -0.9469349 0.3624489 0 -0.9320036 0.3624489 0 -0.9320036 0.4027383 0 -0.9153152 0.4027383 0 -0.9153152 0.4422931 0 -0.8968706 0.4422931 0 -0.8968706 0.480989 0 -0.8767266 0.480989 0 -0.8767266 0.5187621 0 -0.8549187 0.5187621 0 -0.8549187 0.5555811 0 -0.8314624 0.5555811 0 -0.8314624 0.5913133 0 -0.806442 0.5913133 0 -0.806442 0.6259189 0 -0.7798882 0.6259189 0 -0.7798882 0.659343 0 -0.7518423 0.659343 0 -0.7518423 0.6915084 0 -0.7223685 0.6915084 0 -0.7223685 0.7223739 0 -0.6915028 0.7223739 0 -0.6915028 0.7518376 0 -0.6593483 0.7518376 0 -0.6593483 0.7798824 0 -0.6259261 0.7798824 0 -0.6259261 0.8064478 0 -0.5913053 0.8064478 0 -0.5913053 0.8314636 0 -0.5555792 0.8314636 0 -0.5555792 0.8549159 0 -0.5187667 0.8549159 0 -0.5187667 0.8767252 0 -0.4809917 0.8767252 0 -0.4809917 0.8968711 0 -0.442292 0.8968711 0 -0.442292 0.9153137 0 -0.4027415 0.9153137 0 -0.4027415 0.9320081 0 -0.3624374 0.9320081 0 -0.3624374 0.9469304 0 -0.3214387 0.9469304 0 -0.3214387 0.9600497 0 -0.2798296 0.9600497 0 -0.2798296 0.9713421 0 -0.2376856 0.9713421 0 -0.2376856 0.980785 0 -0.1950922 0.980785 0 -0.1950922 0.9883616 0 -0.1521231 0.9883616 0 -0.1521231 0.9940565 0 -0.1088653 0.9940565 0 -0.1088653 0.997859 0 -0.06540316 0.997859 0 -0.06540316 0.9997621 0 -0.02181529 0.9997621 0 -0.02181529 0.9997621 0 0.021815 0.9997621 0 0.021815 0.997859 0 0.06540316 0.997859 0 0.06540316 0.9940564 0 0.1088667 0.9940564 0 0.1088667 0.9883612 0 0.1521251 0.9883612 0 0.1521251 0.9807854 0 0.1950896 0.9807854 0 0.1950896 0.9713421 0 0.2376856 0.9713421 0 0.2376856 0.9600497 0 0.2798296 0.9600497 0 0.2798296 0.9469304 0 0.3214387 0.9469304 0 0.3214387 0.9320064 0 0.362442 0.9320064 0 0.362442 0.9153137 0 0.4027415 0.9153137 0 0.4027415 0.8968711 0 0.442292 0.8968711 0 0.442292 0.8767282 0 0.4809861 0.8767282 0 0.4809861 0.8549122 0 0.5187726 0.8549122 0 0.5187726 0.8314718 0 0.555567 0.8314718 0 0.555567 0.8064432 0 0.5913116 0.8064432 0 0.5913116 0.7798824 0 0.6259261 0.7798824 0 0.6259261 0.7518434 0 0.6593418 0.7518434 0 0.6593418 0.7223612 0 0.6915159 0.7223612 0 0.6915159 0.6915084 0 0.7223685 0.6915084 0 0.7223685 0.6593505 0 0.7518357 0.6593505 0 0.7518357 0.6259269 0 0.7798817 0.6259269 0 0.7798817 0.5913133 0 0.806442 0.5913133 0 0.806442 0.5555628 0 0.8314746 0.5555628 0 0.8314746 0.5187718 0 0.8549128 0.5187718 0 0.8549128 0.480989 0 0.8767266 0.480989 0 0.8767266 0.4422931 0 0.8968706 0.4422931 0 0.8968706 0.4027494 0 0.9153103 0.4027494 0 0.9153103 0.3624259 0 0.9320126 0.3624259 0 0.9320126 0.3214491 0 0.9469269 0.3214491 0 0.9469269 0.2798267 0 0.9600505 0.2798267 0 0.9600505 0.2376737 0 0.971345 0.2376737 0 0.971345 0.1951081 0 0.9807817 0.1951081 0 0.9807817 0.1521078 0 0.9883639 0.1521078 0 0.9883639 0.1088678 0 0.9940562 0.1088678 0 0.9940562 0.06541597 0 0.9978581 0.06541597 0 0.9978581 0.02180534 0 0.9997622 0.02180534 0 0.9997622 -0.02181857 0 0.9997619 -0.02181857 0 0.9997619 -0.06540232 0 0.997859 -0.06540232 0 0.997859 -0.1088683 0 0.9940562 -0.1088683 0 0.9940562 -0.1521219 0 0.9883617 -0.1521219 0 0.9883617 -0.1950944 0 0.9807845 -0.1950944 0 0.9807845 -0.2376824 0 0.9713429 -0.2376824 0 0.9713429 -0.2798245 0 0.9600512 -0.2798245 0 0.9600512 -0.3214391 0 0.9469302 -0.3214391 0 0.9469302 -0.3624405 0 0.9320069 -0.3624405 0 0.9320069 -0.402745 0 0.9153122 -0.402745 0 0.9153122 -0.4422947 0 0.8968698 -0.4422947 0 0.8968698 -0.4809874 0 0.8767276 -0.4809874 0 0.8767276 -0.5187714 0 0.854913 -0.5187714 0 0.854913 -0.5555666 0 0.831472 -0.5555666 0 0.831472 -0.5913149 0 0.8064408 -0.5913149 0 0.8064408 -0.6259229 0 0.779885 -0.6259229 0 0.779885 -0.6593459 0 0.7518397 -0.6593459 0 0.7518397 -0.6915118 0 0.7223652 -0.6915118 0 0.7223652 -0.7223652 0 0.6915118 -0.7223652 0 0.6915118 -0.7518397 0 0.6593459 -0.7518397 0 0.6593459 -0.779885 0 0.6259229 -0.779885 0 0.6259229 -0.8064408 0 0.5913149 -0.8064408 0 0.5913149 -0.831472 0 0.5555666 -0.831472 0 0.5555666 -0.854913 0 0.5187714 -0.854913 0 0.5187714 -0.8767276 0 0.4809874 -0.8767276 0 0.4809874 -0.8968698 0 0.4422947 -0.8968698 0 0.4422947 -0.9153122 0 0.402745 -0.9153122 0 0.402745 -0.9320069 0 0.3624405 -0.9320069 0 0.3624405 -0.9469302 0 0.3214391 -0.9469302 0 0.3214391 -0.9600512 0 0.2798245 -0.9600512 0 0.2798245 -0.9713429 0 0.2376824 -0.9713429 0 0.2376824 -0.9807845 0 0.1950944 -0.9807845 0 0.1950944 -0.9883617 0 0.1521219 -0.9883617 0 0.1521219 -0.9940562 0 0.1088683 -0.9940562 0 0.1088683 -0.997859 0 0.06540232 -0.997859 0 0.06540232 -0.9997619 0 0.02181857 -0.9997619 0 0.02181857 -0.9997619 0 -0.02181857 -0.9997619 0 -0.02181857 -0.997859 0 -0.06540316 -0.997859 0 -0.06540316 -0.9940563 0 -0.1088669 -0.9940563 0 -0.1088669 -0.9883621 0 -0.1521199 -0.9883621 0 -0.1521199 -0.9807839 0 -0.1950969 -0.9807839 0 -0.1950969 -0.9713437 0 -0.2376793 -0.9713437 0 -0.2376793 -0.9600502 0 -0.2798281 -0.9600502 0 -0.2798281 -0.9469302 0 -0.3214391 -0.9469302 0 -0.3214391 -0.9320069 0 -0.3624405 -0.9320069 0 -0.3624405 -0.9153122 0 -0.402745 -0.9153122 0 -0.402745 -0.8968724 0 -0.4422894 -0.8968724 0 -0.4422894 -0.8767276 0 -0.4809874 -0.8767276 0 -0.4809874 -0.8549094 0 -0.5187773 -0.8549094 0 -0.5187773 -0.83147 0 -0.5555697 -0.83147 0 -0.5555697 -0.8064408 0 -0.5913149 -0.8064408 0 -0.5913149 -0.7798928 0 -0.6259132 -0.7798928 0 -0.6259132 -0.7518311 0 -0.6593558 -0.7518311 0 -0.6593558 -0.7223684 0 -0.6915085 -0.7223684 0 -0.6915085 -0.6915153 0 -0.7223619 -0.6915153 0 -0.7223619 -0.6593422 0 -0.751843 -0.6593422 0 -0.751843 -0.6259269 0 -0.7798817 -0.6259269 0 -0.7798817 -0.5913062 0 -0.806447 -0.5913062 0 -0.806447 -0.5555711 0 -0.831469 -0.5555711 0 -0.831469 -0.5187714 0 -0.854913 -0.5187714 0 -0.854913 -0.4809975 0 -0.8767219 -0.4809975 0 -0.8767219 -0.442284 0 -0.896875 -0.442284 0 -0.896875 -0.4027506 0 -0.9153098 -0.4027506 0 -0.9153098 -0.3624405 0 -0.9320069 -0.3624405 0 -0.9320069 -0.3214332 0 -0.9469323 -0.3214332 0 -0.9469323 -0.2798245 0 -0.9600512 -0.2798245 0 -0.9600512 -0.2376886 0 -0.9713413 -0.2376886 0 -0.9713413 -0.1950944 0 -0.9807845 -0.1950944 0 -0.9807845 -0.1521219 0 -0.9883617 -0.1521219 0 -0.9883617 -0.1088683 0 -0.9940562 -0.1088683 0 -0.9940562 -0.06538909 0 -0.9978598 -0.06538909 0 -0.9978598 -0.02183187 0 -0.9997617 -0.02183187 0 -0.9997617 0.02183187 0 -0.9997617 0.02183187 0 -0.9997617 0.06538999 0 -0.9978598 0.06538999 0 -0.9978598 0.1088669 0 -0.9940563 0.1088669 0 -0.9940563 0.1521199 0 -0.9883621 0.1521199 0 -0.9883621 0.1950969 0 -0.9807839 0.1950969 0 -0.9807839 0.2376856 0 -0.9713421 0.2376856 0 -0.9713421 0.2798281 0 -0.9600502 0.2798281 0 -0.9600502 0.3214332 0 -0.9469323 0.3214332 0 -0.9469323 0.3624405 0 -0.9320069 0.3624405 0 -0.9320069 0.4027506 0 -0.9153098 0.4027506 0 -0.9153098 0.4422788 0 -0.8968777 0.4422788 0 -0.8968777 0.4809975 0 -0.8767219 0.4809975 0 -0.8767219 0.5187773 0 -0.8549094 0.5187773 0 -0.8549094 0.5555742 0 -0.831467 0.5555742 0 -0.831467 0.5913062 0 -0.806447 0.5913062 0 -0.806447 0.6259172 0 -0.7798895 0.6259172 0 -0.7798895 0.6593521 0 -0.7518343 0.6593521 0 -0.7518343 0.6915119 0 -0.722365 0.6915119 0 -0.722365 0.722365 0 -0.6915119 0.722365 0 -0.6915119 0.7518343 0 -0.6593521 0.7518343 0 -0.6593521 0.7798895 0 -0.6259172 0.7798895 0 -0.6259172 0.806447 0 -0.5913062 0.806447 0 -0.5913062 0.831467 0 -0.5555742 0.831467 0 -0.5555742 0.8549094 0 -0.5187773 0.8549094 0 -0.5187773 0.8767219 0 -0.4809975 0.8767219 0 -0.4809975 0.8968777 0 -0.4422788 0.8968777 0 -0.4422788 0.9153098 0 -0.4027506 0.9153098 0 -0.4027506 0.9320069 0 -0.3624405 0.9320069 0 -0.3624405 0.9469323 0 -0.3214332 0.9469323 0 -0.3214332 0.9600502 0 -0.2798281 0.9600502 0 -0.2798281 0.9713421 0 -0.2376856 0.9713421 0 -0.2376856 0.9807839 0 -0.1950969 0.9807839 0 -0.1950969 0.9883621 0 -0.1521199 0.9883621 0 -0.1521199 0.9940563 0 -0.1088669 0.9940563 0 -0.1088669 0.9978598 0 -0.06538999 0.9978598 0 -0.06538999 0.9997617 0 -0.02183187 0.9997617 0 -0.02183187 0.9997617 0 0.02183187 0.9997617 0 0.02183187 0.9978598 0 0.06538909 0.9978598 0 0.06538909 0.9940562 0 0.1088683 0.9940562 0 0.1088683 0.9883617 0 0.1521219 0.9883617 0 0.1521219 0.9807845 0 0.1950944 0.9807845 0 0.1950944 0.9713413 0 0.2376886 0.9713413 0 0.2376886 0.9600512 0 0.2798245 0.9600512 0 0.2798245 0.9469323 0 0.3214332 0.9469323 0 0.3214332 0.9320069 0 0.3624405 0.9320069 0 0.3624405 0.9153098 0 0.4027506 0.9153098 0 0.4027506 0.896875 0 0.442284 0.896875 0 0.442284 0.8767219 0 0.4809975 0.8767219 0 0.4809975 0.854913 0 0.5187714 0.854913 0 0.5187714 0.831469 0 0.5555711 0.831469 0 0.5555711 0.806447 0 0.5913062 0.806447 0 0.5913062 0.7798817 0 0.6259269 0.7798817 0 0.6259269 0.751843 0 0.6593422 0.751843 0 0.6593422 0.7223619 0 0.6915153 0.7223619 0 0.6915153 0.6915085 0 0.7223684 0.6915085 0 0.7223684 0.6593558 0 0.7518311 0.6593558 0 0.7518311 0.6259132 0 0.7798928 0.6259132 0 0.7798928 0.5913149 0 0.8064408 0.5913149 0 0.8064408 0.5555697 0 0.83147 0.5555697 0 0.83147 0.5187773 0 0.8549094 0.5187773 0 0.8549094 0.4809874 0 0.8767276 0.4809874 0 0.8767276 0.4422894 0 0.8968724 0.4422894 0 0.8968724 0.402745 0 0.9153122 0.402745 0 0.9153122 0.3624405 0 0.9320069 0.3624405 0 0.9320069 0.3214391 0 0.9469302 0.3214391 0 0.9469302 0.2798281 0 0.9600502 0.2798281 0 0.9600502 0.2376793 0 0.9713437 0.2376793 0 0.9713437 0.1950969 0 0.9807839 0.1950969 0 0.9807839 0.1521199 0 0.9883621 0.1521199 0 0.9883621 0.1088669 0 0.9940563 0.1088669 0 0.9940563 0.06540316 0 0.997859 0.06540316 0 0.997859 0.02181857 0 0.9997619 0.02181857 0 0.9997619 0 1 0 0 1 0 0 1 0 0 1 0 0 1 0 0 1 0 0 1 0 0 1 0 0 1 0 0 1 0 0 1 0 0 1 0 0 1 0 0 1 0 0 1 0 0 1 0 0 1 0 0 1 0 0 1 0 0 1 0 0 1 0 0 1 0 0 1 0 0 1 0 0 1 0 0 1 0 0 1 0 0 1 0 0 1 0 0 1 0 0 1 0 0 1 0 0 1 0 0 1 0 0 1 0 0 1 0 0 1 0 0 1 0 0 1 0 0 1 0 0 1 0 0 1 0 0 1 0 0 1 0 0 1 0 0 1 0 0 1 0 0 1 0 0 1 0 0 1 0 0 1 0 0 1 0 0 1 0 0 1 0 0 1 0 0 1 0 0 1 0 0 1 0 0 1 0 0 1 0 0 1 0 0 1 0 0 1 0 0 1 0 0 1 0 0 1 0 0 1 0 0 1 0 0 1 0 0 1 0 0 1 0 0 1 0 0 1 0 0 1 0 0 1 0 0 1 0 0 1 0 0 1 0 0 1 0 0 1 0 0 1 0 0 1 0 0 1 0 0 1 0 0 1 0 0 1 0 0 1 0 0 1 0 0 1 0 0 1 0 0 1 0 0 1 0 0 1 0 0 1 0 0 1 0 0 1 0 0 1 0 0 1 0 0 1 0 0 1 0 0 1 0 0 1 0 0 1 0 0 1 0 0 1 0 0 1 0 0 1 0 0 1 0 0 1 0 0 1 0 0 1 0 0 1 0 0 1 0 0 1 0 0 1 0 0 1 0 0 1 0 0 1 0 0 1 0 0 1 0 0 1 0 0 1 0 0 1 0 0 1 0 0 1 0 0 1 0 0 1 0 0 1 0 0 1 0 0 1 0 0 1 0 0 1 0 0 1 0 0 1 0 0 1 0 0 1 0 0 1 0 0 1 0 0 1 0 0 1 0 0 1 0 0 1 0 0 1 0 0 1 0 0 1 0 0 1 0 0 1 0 0 1 0 0 1 0 0 1 0 0 1 0 0 1 0 0 1 0 0 1 0 0 1 0 0 1 0 0 1 0 0 1 0 0 1 0 0 1 0 0 1 0 0 1 0 0 1 0 0 1 0 0 1 0 0 1 0 0 1 0 0 1 0 0 1 0 0 1 0 0 1 0 0 1 0 0 1 0 0 1 0 0 1 0 0 1 0 0 1 0 0 1 0 0 1 0 0 1 0 0 1 0 0 1 0 0 1 0 0 1 0 0 1 0 0 1 0 0 1 0 0 1 0 0 1 0 0 1 0 0 1 0 0 1 0 0 1 0 0 1 0 0 1 0 0 1 0 0 1 0 0 1 0 0 1 0 0 1 0 0 1 0 0 1 0 0 1 0 0 1 0 0 1 0 0 1 0 0 1 0 0 1 0 0 1 0 0 1 0 0 1 0 0 1 0 0 1 0 0 1 0 0 1 0 0 1 0 0 1 0 0 1 0 0 1 0 0 1 0 0 1 0 0 1 0 0 1 0 0 1 0 0 1 0 0 1 0 0 1 0 0 1 0 0 1 0 0 1 0 0 1 0 0 1 0 0 1 0 0 1 0 0 1 0 0 1 0 0 1 0 0 1 0 0 1 0 0 1 0 0 1 0 0 1 0 0 1 0 0 1 0 0 1 0 0 1 0 0 1 0 0 1 0 0 1 0 0 1 0 0 1 0 0 1 0 0 1 0 0 1 0 0 1 0 0 1 0 0 1 0 0 1 0 0 1 0 0 1 0 0 1 0 0 1 0 0 1 0 0 1 0 0 1 0 0 1 0 0 1 0 0 1 0 0 1 0 0 1 0 0 1 0 0 1 0 0 1 0 0 1 0 0 1 0 0 1 0 0 1 0 0 1 0 0 1 0 0 1 0 0 1 0 0 1 0 0 1 0 0 1 0 0 1 0 0 1 0 0 1 0 0 1 0 0 1 0 0 1 0 0 1 0 0 1 0 0 1 0 0 1 0 0 1 0 0 1 0 0 1 0 0 1 0 0 1 0 0 1 0 0 1 0 0 1 0 0 1 0 0 1 0 0 1 0 0 1 0 0 1 0 0 1 0 0 1 0 0 1 0 0 1 0 0 1 0 0 1 0 0 1 0 0 1 0 0 1 0 0 1 0 0 1 0 0 1 0 0 1 0 0 1 0 0 1 0 0 1 0 0 1 0 0 1 0 0 1 0 0 1 0 0 1 0 0 1 0 0 1 0 0 1 0 0 1 0 0 1 0 0 1 0 0 1 0 0 1 0 0 1 0 0 1 0 0 1 0 0 1 0 0 1 0 0 1 0 0 1 0 0 1 0 0 1 0 0 1 0 0 1 0 0 1 0 0 1 0 0 1 0 0 1 0 0 1 0 0 1 0 0 1 0 0 1 0 0 1 0 0 1 0 0 1 0 0 1 0 0 1 0 0 1 0 0 1 0 0 1 0 0 1 0 0 1 0 0 1 0 0 1 0 0 1 0 0 1 0 0 1 0 0 1 0 0 1 0 0 1 0 0 1 0 0 1 0 0 1 0 0 1 0 0 1 0 0 1 0 0 1 0 0 1 0 0 1 0 0 1 0 0 1 0 0 1 0 0 1 0 0 1 0 0 1 0 0 1 0 0 1 0 0 1 0 0 1 0 0 1 0 0 1 0 0 1 0 0 1 0 0 1 0 0 1 0 0 1 0 0 1 0 0 1 0 0 1 0 0 1 0 0 1 0 0 1 0 0 1 0 0 1 0 0 1 0 0 1 0 0 1 0 0 1 0 0 1 0 0 1 0 0 1 0 0 1 0 0 1 0 0 1 0 0 1 0 0 1 0 0 1 0 0 1 0 0 1 0 0 1 0 0 1 0 0 1 0 0 1 0 0 1 0 0 1 0 0 1 0 0 1 0 0 1 0 0 1 0 0 1 0 0 1 0 0 1 0 0 1 0 0 1 0 0 1 0 0 1 0 0 1 0 0 1 0 0 1 0 0 1 0 0 1 0 0 1 0 0 1 0 0 1 0 0 1 0 0 1 0 0 1 0 0 1 0 0 1 0 0 1 0 0 1 0 0 1 0 0 1 0 0 1 0 0 1 0 0 1 0 0 1 0 0 1 0 0 1 0 0 1 0 0 1 0 0 1 0 0 1 0 0 1 0 0 1 0 0 1 0 0 1 0 0 1 0 0 1 0 0 1 0 0 1 0 0 1 0 0 1 0 0 1 0 0 1 0 0 1 0 0 1 0 0 1 0 0 1 0 0 1 0 0 1 0 0 1 0 0 1 0 0 1 0 0 1 0 0 1 0 0 1 0 0 1 0 0 1 0 0 1 0 0 1 0 0 1 0 0 1 0 0 1 0 0 1 0 0 1 0 0 1 0 0 1 0 0 1 0 0 1 0 0 1 0 0 1 0 0 1 0 0 1 0 0 1 0 0 1 0 0 1 0 0 1 0 0 1 0 0 1 0 0 1 0 0 1 0 0 1 0 0 1 0 0 1 0 0 1 0 0 1 0 0 1 0 0 1 0 0 1 0 0 1 0 0 1 0 0 1 0 0 1 0 0 1 0 0 1 0 0 1 0 0 1 0 0 1 0 0 1 0 0 1 0 0 1 0 0 1 0 0 1 0 0 1 0 0 1 0 0 1 0 0 1 0 0 1 0 0 1 0 0 1 0 0 1 0 0 1 0 0 1 0 0 1 0 0 1 0 0 1 0 0 1 0 0 1 0 0 1 0 0 1 0 0 1 0 0 1 0 0 1 0 0 1 0 0 1 0 0 1 0 0 1 0 0 1 0 0 1 0 0 1 0 0 1 0 0 1 0 0 1 0 0 1 0 0 1 0 0 1 0 0 1 0 0 1 0 0 1 0 0 1 0 0 1 0 0 1 0 0 1 0 0 1 0 0 1 0 0 1 0 0 1 0 0 1 0 0 1 0 0 1 0 0 1 0 0 1 0 0 1 0 0 1 0 0 1 0 0 1 0 0 1 0 0 1 0 0 1 0 0 1 0 0 1 0 0 1 0 0 1 0 0 1 0 0 1 0 0 1 0 0 1 0 0 1 0 0 1 0 0 1 0 0 1 0 0 1 0 0 1 0 0 1 0 0 1 0 0 1 0 0 1 0 0 1 0 0 1 0 0 1 0 0 1 0 0 1 0 0 1 0 0 1 0 0 1 0 0 1 0 0 1 0 0 1 0 0 1 0 0 1 0 0 1 0 0 1 0 0 1 0 0 1 0 0 1 0 0 1 0 0 1 0 0 1 0 0 1 0 0 1 0 0 1 0 0 1 0 0 1 0 0 1 0 0 1 0 0 1 0 0 1 0 0 1 0 0 1 0 0 1 0 0 1 0 0 1 0 0 1 0 0 1 0 0 1 0 0 1 0 0 1 0 0 1 0 0 1 0 0 1 0 0 1 0 0 1 0 0 1 0 0 1 0 0 1 0 0 1 0 0 1 0 0 1 0 0 1 0 0 1 0 0 1 0 0 1 0 0 1 0 0 1 0 0 1 0 0 1 0 0 1 0 0 1 0 0 1 0 0 1 0 0 1 0 0 1 0 0 1 0 0 1 0 0 1 0 0 1 0 0 1 0 0 1 0 0 1 0 0 1 0 0 1 0 0 1 0 0 1 0 0 1 0 0 1 0 0 1 0 0 1 0 0 1 0 0 1 0 0 1 0 0 1 0 0 1 0 0 1 0 0 1 0 0 1 0 0 1 0 0 1 0 0 1 0 0 1 0 0 1 0 0 1 0 0 1 0 0 1 0 0 1 0 0 1 0 0 1 0 0 1 0 0 1 0 0 1 0 0 1 0 0 1 0 0 1 0 0 1 0 0 1 0 0 1 0 0 1 0 0 1 0 0 1 0 0 1 0 0 1 0 0 1 0 0 1 0 0 1 0 0 1 0 0 1 0 0 1 0 0 1 0 0 1 0 0 1 0 0 1 0 0 1 0 0 1 0 0 1 0 0 1 0 0 1 0 0 1 0 0 1 0 0 1 0 0 1 0 0 1 0 0 1 0 0 1 0 0 1 0 0 1 0 0 1 0 0 1 0 0 1 0 0 1 0 0 1 0 0 1 0 0 1 0 0 1 0 0 1 0 0 1 0 0 1 0 0 1 0 0 1 0 0 1 0 0 1 0 0 1 0 0 1 0 0 1 0 0 1 0 0 1 0 0 1 0 0 1 0 0 1 0 0 1 0 0 1 0 0 1 0 0 1 0 0 1 0 0 1 0 0 1 0 0 1 0 0 1 0 0 1 0 0 1 0 0 1 0 0 1 0 0 1 0 0 1 0 0 1 0 0 1 0 0 1 0 0 1 0 0 1 0 0 1 0 0 1 0 0 1 0 0 1 0 0 1 0 0 1 0 0 1 0 0 1 0 0 1 0 0 1 0 0 1 0 0 1 0 0 1 0 0 1 0 0 1 0 0 1 0 0 1 0 0 1 0 0 1 0 0 1 0 0 1 0 0 1 0 0 1 0 0 1 0 0 1 0 0 1 0 0 1 0 0 1 0 0 1 0 0 1 0 0 1 0 0 1 0 0 1 0 0 1 0 0 1 0 0 1 0 0 1 0 0 1 0 0 1 0 0 1 0 0 1 0 0 1 0 0 1 0 0 1 0 0 1 0 0 1 0 0 1 0 0 1 0 0 1 0 0 1 0 0 1 0 0 1 0 0 1 0 0 1 0 0 1 0 0 1 0 0 1 0 0 1 0 0 1 0 0 1 0 0 1 0 0 1 0 0 1 0 0 1 0 0 1 0 0 1 0 0 1 0 0 1 0 0 1 0 0 1 0 0 1 0 0 1 0 0 1 0 0 1 0 0 1 0 0 1 0 0 1 0 0 1 0 0 1 0 0 1 0 0 1 0 0 1 0 0 1 0 0 1 0 0 1 0 0 1 0 0 1 0 0 1 0 0 1 0 0 1 0 0 1 0 0 1 0 0 1 0 0 1 0 0 1 0 0 1 0 0 1 0 0 1 0 0 1 0 0 1 0 0 1 0 0 1 0 0 1 0 0 1 0 0 1 0 0 1 0 0 1 0 0 1 0 0 1 0 0 1 0 0 1 0 0 1 0 0 1 0 0 1 0 0 1 0 0 1 0 0 1 0 0 1 0 0 1 0 0 1 0 0 1 0 0 1 0 0 1 0 0 1 0 0 1 0 0 1 0 0 1 0 0 1 0 0 1 0 0 1 0 0 1 0 0 1 0 0 1 0 0 1 0 0 1 0 0 1 0 0 1 0 0 1 0 0 1 0 0 1 0 0 1 0 0 1 0 0 1 0 0 1 0 0 1 0 0 1 0 0 1 0 0 1 0 0 1 0 0 1 0 0 1 0 0 1 0 0 1 0 0 1 0 0 1 0 0 1 0 0 1 0 0 1 0 0 1 0 0 1 0 0 1 0 0 1 0 0 1 0 0 1 0 0 1 0 0 1 0 0 1 0 0 1 0 0 1 0 0 1 0 0 1 0 0 1 0 0 1 0 0 1 0 0 1 0 0 1 0 0 1 0 0 1 0 0 1 0 0 1 0 0 1 0 0 1 0 0 1 0 0 1 0 0 1 0 0 1 0 0 1 0 0 1 0 0 1 0 0 1 0 0 1 0 0 1 0 0 1 0 0 1 0 0 1 0 0 1 0 0 1 0 0 1 0 0 1 0 0 1 0 0 1 0 0 1 0 0 1 0 0 1 0 0 1 0 0 1 0 0 1 0 0 1 0 0 1 0 0 1 0 0 1 0 0 1 0 0 1 0 0 1 0 0 1 0 0 1 0 0 1 0 0 1 0 0 1 0 0 1 0 0 1 0 0 1 0 0 1 0 0 1 0 0 1 0 0 1 0 0 1 0 0 1 0 0 1 0 0 1 0 0 1 0 0 1 0 0 1 0 0 1 0 0 1 0 0 1 0 0 1 0 0 1 0 0 1 0 0 1 0 0 1 0 0 1 0 0 1 0 0 1 0 0 1 0 0 1 0 0 1 0 0 1 0 0 1 0 0 1 0 0 1 0 0 1 0 0 1 0 0 1 0 0 1 0 0 1 0 0 1 0 0 1 0 0 1 0 0 1 0 0 1 0 0 1 0 0 1 0 0 1 0 0 1 0 0 1 0 0 1 0 0 1 0 0 1 0 0 1 0 0 1 0 0 1 0 0 1 0 0 1 0 0 1 0 0 1 0 0 1 0 0 1 0 0 1 0 0 1 0 0 1 0 0 1 0 0 1 0 0 1 0 0 1 0 0 1 0 0 1 0 0 1 0 0 1 0 0 1 0 0 1 0 0 1 0 0 1 0 0 1 0 0 1 0 0 1 0 0 1 0 0 1 0 0 1 0 0 1 0 0 1 0 0 1 0 0 1 0 0 1 0 0 1 0 0 1 0 0 1 0 0 1 0 0 1 0 0 1 0 0 1 0 0 1 0 0 1 0 0 1 0 0 1 0 0 1 0 0 1 0 0 1 0 0 1 0 0 1 0 0 1 0 0 1 0 0 1 0 0 1 0 0 1 0 0 1 0 0 1 0 0 1 0 0 1 0 0 1 0 0 1 0 0 1 0 0 1 0 0 0 1 0 0 1 0 0 1 -0.8490652 0 0.5282881 -0.8490652 0 0.5282881 0.8532295 0 0.5215358 0.8532295 0 0.5215358 0 0 1 0 0 1 0 0 1 1 0 0 1 0 0 0 0 -1 0 0 -1 0 0 -1 0 0 -1 1 0 0 1 0 0 -0.8446286 0 -0.5353528 -0.8446286 0 -0.5353528 -0.8446285 0 -0.5353528 0 0 1 0 0 1 0 0 1 0 0 1 1 0 0 1 0 0 0 0 -1 0 0 -1 -1 0 0 -1 0 0 0 0 1 0 0 1 -1 0 0 -1 0 0 0 0 1 0 0 1 -1 0 0 -1 0 0 0.8437632 0 -0.5367156 0.8437633 0 -0.5367154 0.8437634 0 -0.5367154 0.8928951 -6.80553e-5 -0.4502646 0.896873 0 -0.4422881 0.8767272 0 -0.4809881 0.8767272 0 -0.4809881 0.8549113 0 -0.5187742 0.8549113 0 -0.5187742 0.8314695 0 -0.5555704 0.8314695 0 -0.5555704 0.8064451 0 -0.591309 0.8064451 0 -0.591309 0.7798836 0 -0.6259245 0.7798836 0 -0.6259245 0.7518396 0 -0.6593461 0.7518396 0 -0.6593461 0.722365 0 -0.6915119 0.722365 0 -0.6915119 0.6915119 0 -0.722365 0.6915119 0 -0.722365 0.6593461 0 -0.7518396 0.6593461 0 -0.7518396 0.6259245 0 -0.7798836 0.6259245 0 -0.7798836 0.591309 0 -0.8064451 0.591309 0 -0.8064451 0.5555704 0 -0.8314695 0.5555704 0 -0.8314695 0.5187742 0 -0.8549113 0.5187742 0 -0.8549113 0.4809881 0 -0.8767272 0.4809881 0 -0.8767272 0.4306743 0 -0.9025074 -0.4502646 -6.80553e-5 -0.8928951 -0.4422881 0 -0.896873 -0.4809881 0 -0.8767272 -0.4809881 0 -0.8767272 -0.5187742 0 -0.8549113 -0.5187742 0 -0.8549113 -0.5555704 0 -0.8314695 -0.5555704 0 -0.8314695 -0.591309 0 -0.8064451 -0.591309 0 -0.8064451 -0.6259245 0 -0.7798836 -0.6259245 0 -0.7798836 -0.6593461 0 -0.7518396 -0.6593461 0 -0.7518396 -0.6915119 0 -0.722365 -0.6915119 0 -0.722365 -0.722365 0 -0.6915119 -0.722365 0 -0.6915119 -0.7518396 0 -0.6593461 -0.7518396 0 -0.6593461 -0.7798836 0 -0.6259245 -0.7798836 0 -0.6259245 -0.8064451 0 -0.591309 -0.8064451 0 -0.591309 -0.8314695 0 -0.5555704 -0.8314695 0 -0.5555704 -0.8549113 0 -0.5187742 -0.8549113 0 -0.5187742 -0.8767272 0 -0.4809881 -0.8767272 0 -0.4809881 -0.9025074 0 -0.4306743 -0.8928951 -6.80553e-5 0.4502646 -0.896873 0 0.4422881 -0.8767272 0 0.4809881 -0.8767272 0 0.4809881 -0.8549113 0 0.5187742 -0.8549113 0 0.5187742 -0.8314695 0 0.5555704 -0.8314695 0 0.5555704 -0.8064451 0 0.591309 -0.8064451 0 0.591309 -0.7798836 0 0.6259245 -0.7798836 0 0.6259245 -0.7518396 0 0.6593461 -0.7518396 0 0.6593461 -0.722365 0 0.6915119 -0.722365 0 0.6915119 -0.6915119 0 0.722365 -0.6915119 0 0.722365 -0.6593461 0 0.7518396 -0.6593461 0 0.7518396 -0.6259245 0 0.7798836 -0.6259245 0 0.7798836 -0.591309 0 0.8064451 -0.591309 0 0.8064451 -0.5555704 0 0.8314695 -0.5555704 0 0.8314695 -0.5187742 0 0.8549113 -0.5187742 0 0.8549113 -0.4809881 0 0.8767272 -0.4809881 0 0.8767272 -0.4422881 0 0.896873 -0.4422881 0 0.896873 -0.4027464 0 0.9153116 -0.4027464 0 0.9153116 -0.362439 0 0.9320075 -0.362439 0 0.9320075 -0.3214395 0 0.9469301 -0.3214395 0 0.9469301 -0.2798289 0 0.9600498 -0.2798289 0 0.9600498 -0.237686 0 0.971342 -0.237686 0 0.971342 -0.1950902 0 0.9807853 -0.1950902 0 0.9807853 -0.1521231 0 0.9883616 -0.1521231 0 0.9883616 -0.108867 0 0.9940564 -0.108867 0 0.9940564 -0.06540322 0 0.9978589 -0.06540322 0 0.9978589 -0.02181458 0 0.9997621 -0.02181458 0 0.9997621 0.02181458 0 0.9997621 0.02181458 0 0.9997621 0.06540322 0 0.9978589 0.06540322 0 0.9978589 0.108867 0 0.9940564 0.108867 0 0.9940564 0.1521231 0 0.9883616 0.1521231 0 0.9883616 0.1950902 0 0.9807853 0.1950902 0 0.9807853 0.237686 0 0.971342 0.237686 0 0.971342 0.2798289 0 0.9600498 0.2798289 0 0.9600498 0.3214395 0 0.9469301 0.3214395 0 0.9469301 0.362439 0 0.9320075 0.362439 0 0.9320075 0.4027464 0 0.9153116 0.4027464 0 0.9153116 0.4422881 0 0.896873 0.4422881 0 0.896873 0.4809881 0 0.8767272 0.4809881 0 0.8767272 0.5187742 0 0.8549113 0.5187742 0 0.8549113 0.5555704 0 0.8314695 0.5555704 0 0.8314695 0.591309 0 0.8064451 0.591309 0 0.8064451 0.6259245 0 0.7798836 0.6259245 0 0.7798836 0.6593461 0 0.7518396 0.6593461 0 0.7518396 0.6915119 0 0.722365 0.6915119 0 0.722365 0.722365 0 0.6915119 0.722365 0 0.6915119 0.7518396 0 0.6593461 0.7518396 0 0.6593461 0.7798836 0 0.6259245 0.7798836 0 0.6259245 0.8064451 0 0.591309 0.8064451 0 0.591309 0.8314695 0 0.5555704 0.8314695 0 0.5555704 0.8549113 0 0.5187742 0.8549113 0 0.5187742 0.8767272 0 0.4809881 0.8767272 0 0.4809881 0.9025074 0 0.4306743 -0.8928951 0 -0.4502646 -0.896873 -4.02592e-5 -0.4422881 -0.9025074 0 -0.4306744 -0.9153116 0 -0.4027464 -0.9153116 0 -0.4027464 -0.9320076 0 -0.362439 -0.9320076 0 -0.362439 -0.9469301 0 -0.3214395 -0.9469301 0 -0.3214395 -0.9600499 0 -0.2798289 -0.9600499 0 -0.2798289 -0.971342 0 -0.237686 -0.971342 0 -0.237686 -0.9807853 0 -0.1950902 -0.9807853 0 -0.1950902 -0.9883615 0 -0.1521231 -0.9883615 0 -0.1521231 -0.9940564 0 -0.108867 -0.9940564 0 -0.108867 -0.9978589 0 -0.06540322 -0.9978589 0 -0.06540322 -0.9997621 0 -0.02181458 -0.9997621 0 -0.02181458 -0.9997621 0 0.02181458 -0.9997621 0 0.02181458 -0.9978589 0 0.06540322 -0.9978589 0 0.06540322 -0.9940564 0 0.108867 -0.9940564 0 0.108867 -0.9883615 0 0.1521231 -0.9883615 0 0.1521231 -0.9807853 0 0.1950902 -0.9807853 0 0.1950902 -0.971342 0 0.237686 -0.971342 0 0.237686 -0.9600499 0 0.2798289 -0.9600499 0 0.2798289 -0.9469301 0 0.3214395 -0.9469301 0 0.3214395 -0.9320076 0 0.362439 -0.9320076 0 0.362439 -0.9153116 0 0.4027464 -0.9153116 0 0.4027464 -0.9025074 0 0.4306744 -0.9025074 0 0.4306743 0.4502646 0 -0.8928951 0.4422881 -4.02592e-5 -0.896873 0.4306744 0 -0.9025074 0.4027464 0 -0.9153116 0.4027464 0 -0.9153116 0.362439 0 -0.9320076 0.362439 0 -0.9320076 0.3214395 0 -0.9469301 0.3214395 0 -0.9469301 0.2798289 0 -0.9600499 0.2798289 0 -0.9600499 0.237686 0 -0.971342 0.237686 0 -0.971342 0.1950902 0 -0.9807853 0.1950902 0 -0.9807853 0.1521231 0 -0.9883615 0.1521231 0 -0.9883615 0.108867 0 -0.9940564 0.108867 0 -0.9940564 0.06540322 0 -0.9978589 0.06540322 0 -0.9978589 0.02181458 0 -0.9997621 0.02181458 0 -0.9997621 -0.02181458 0 -0.9997621 -0.02181458 0 -0.9997621 -0.06540322 0 -0.9978589 -0.06540322 0 -0.9978589 -0.108867 0 -0.9940564 -0.108867 0 -0.9940564 -0.1521231 0 -0.9883615 -0.1521231 0 -0.9883615 -0.1950902 0 -0.9807853 -0.1950902 0 -0.9807853 -0.237686 0 -0.971342 -0.237686 0 -0.971342 -0.2798289 0 -0.9600499 -0.2798289 0 -0.9600499 -0.3214395 0 -0.9469301 -0.3214395 0 -0.9469301 -0.362439 0 -0.9320076 -0.362439 0 -0.9320076 -0.4027464 0 -0.9153116 -0.4027464 0 -0.9153116 -0.4306744 0 -0.9025074 -0.4306743 0 -0.9025074 0.8928951 0 0.4502646 0.896873 -4.02592e-5 0.4422881 0.9025074 0 0.4306744 0.9153116 0 0.4027464 0.9153116 0 0.4027464 0.9320076 0 0.362439 0.9320076 0 0.362439 0.9469301 0 0.3214395 0.9469301 0 0.3214395 0.9600499 0 0.2798289 0.9600499 0 0.2798289 0.971342 0 0.237686 0.971342 0 0.237686 0.9807853 0 0.1950902 0.9807853 0 0.1950902 0.9883615 0 0.1521231 0.9883615 0 0.1521231 0.9940564 0 0.108867 0.9940564 0 0.108867 0.9978589 0 0.06540322 0.9978589 0 0.06540322 0.9997621 0 0.02181458 0.9997621 0 0.02181458 0.9997621 0 -0.02181458 0.9997621 0 -0.02181458 0.9978589 0 -0.06540322 0.9978589 0 -0.06540322 0.9940564 0 -0.108867 0.9940564 0 -0.108867 0.9883615 0 -0.1521231 0.9883615 0 -0.1521231 0.9807853 0 -0.1950902 0.9807853 0 -0.1950902 0.971342 0 -0.237686 0.971342 0 -0.237686 0.9600499 0 -0.2798289 0.9600499 0 -0.2798289 0.9469301 0 -0.3214395 0.9469301 0 -0.3214395 0.9320076 0 -0.362439 0.9320076 0 -0.362439 0.9153116 0 -0.4027464 0.9153116 0 -0.4027464 0.9025074 0 -0.4306744 0.9025074 0 -0.4306743 0.8387335 0 0.5445422 0.8387335 0 0.5445422 0 -1 0 0 -1 0 0 -1 0 0 -1 0 0 -1 0 0 -1 0 0 -1 0 0 -1 0 0 -1 0 0 -1 0 0 -1 0 0 -1 0 0 -1 0 0 -1 0 0 -1 0 0 -1 0 0 -1 0 0 -1 0 0 -1 0 0 -1 0 0 -1 0 0 -1 0 0 -1 0 0 -1 0 0 -1 0 0 -1 0 0 -1 0 0 -1 0 0 -1 0 0 -1 0 0 -1 0 0 -1 0 0 -1 0 0 -1 0 0 -1 0 0 -1 0 0 -1 0 0 -1 0 0 -1 0 0 -1 0 0 -1 0 0 -1 0 0 -1 0 0 -1 0 0 -1 0 0 -1 0 0 -1 0 0 -1 0 0 -1 0 0 -1 0 0 -1 0 0 -1 0 0 -1 0 0 -1 0 0 -1 0 0 -1 0 0 -1 0 0 -1 0 0 -1 0 0 -1 0 0 -1 0 0 -1 0 0 -1 0 0 -1 0 0 -1 0 0 -1 0 0 -1 0 0 -1 0 0 -1 0 0 -1 0 0 -1 0 0 -1 0 0 -1 0 0 -1 0 0 -1 0 0 -1 0 0 -1 0 0 -1 0 0 -1 0 0 -1 0 0 -1 0 0 -1 0 0 -1 0 0 -1 0 0 -1 0 0 -1 0 0 -1 0 0 -1 0 0 -1 0 0 -1 0 0 -1 0 0 -1 0 0 -1 0 0 -1 0 0 -1 0 0 -1 0 0 -1 0 0 -1 0 0 -1 0 0 -1 0 0 -1 0 0 -1 0 0 -1 0 0 -1 0 0 -1 0 0 -1 0 0 -1 0 0 -1 0 0 -1 0 0 -1 0 0 -1 0 0 -1 0 0 -1 0 0 -1 0 0 -1 0 0 -1 0 0 -1 0 0 -1 0 0 -1 0 0 -1 0 0 -1 0 0 -1 0 0 -1 0 0 -1 0 0 -1 0 0 -1 0 0 -1 0 0 -1 0 0 -1 0 0 -1 0 0 -1 0 0 -1 0 0 -1 0 0 -1 0 0 -1 0 0 -1 0 0 -1 0 0 -1 0 0 -1 0 0 -1 0 0 -1 0 0 -1 0 0 -1 0 0 -1 0 0 -1 0 0 -1 0 0 -1 0 0 -1 0 0 -1 0 0 -1 0 0 -1 0 0 -1 0 0 -1 0 0 -1 0 0 -1 0 0 -1 0 0 -1 0 0 -1 0 0 -1 0 0 -1 0 0 -1 0 0 -1 0 0 -1 0 0 -1 0 0 -1 0 0 -1 0 0 -1 0 0 -1 0 0 -1 0 0 -1 0 0 -1 0 0 -1 0 0 -1 0 0 -1 0 0 -1 0 0 -1 0 0 -1 0 0 -1 0 0 -1 0 0 -1 0 0 -1 0 0 -1 0 0 -1 0 0 -1 0 0 -1 0 0 -1 0 0 -1 0 0 -1 0 0 -1 0 0 -1 0 0 -1 0 0 -1 0 0 -1 0 0 -1 0 0 -1 0 0 -1 0 0 -1 0 0 -1 0 0 -1 0 0 -1 0 0 -1 0 0 -1 0 0 -1 0 0 -1 0 0 -1 0 0 -1 0 0 -1 0 0 -1 0 0 -1 0 0 -1 0 0 -1 0 0 -1 0 0 -1 0 0 -1 0 0 -1 0 0 -1 0 0 -1 0 0 -1 0 0 -1 0 0 -1 0 0 -1 0 0 -1 0 0 -1 0 0 -1 0 0 -1 0 0 -1 0 0 -1 0 0 -1 0 0 -1 0 0 -1 0 0 -1 0 0 -1 0 0 -1 0 0 -1 0 0 -1 0 0 -1 0 0 -1 0 0 -1 0 0 -1 0 0 -1 0 0 -1 0 0 -1 0 0 -1 0 0 -1 0 0 -1 0 0 -1 0 0 -1 0 0 -1 0 0 -1 0 0 -1 0 0 -1 0 0 -1 0 0 -1 0 0 -1 0 0 -1 0 0 -1 0 0 -1 0 0 -1 0 0 -1 0 0 -1 0 0 -1 0 0 -1 0 0 -1 0 0 -1 0 0 -1 0 0 -1 0 0 -1 0 0 -1 0 0 -1 0 0 -1 0 0 -1 0 0 -1 0 0 -1 0 0 -1 0 0 -1 0 0 -1 0 0 -1 0 0 -1 0 0 -1 0 0 -1 0 0 -1 0 0 -1 0 0 -1 0 0 -1 0 0 -1 0 0 -1 0 0 -1 0 0 -1 0 0 -1 0 0 -1 0 0 -1 0 0 -1 0 0 -1 0 0 -1 0 0 -1 0 0 -1 0 0 -1 0 0 -1 0 0 -1 0 0 -1 0 0 -1 0 0 -1 0 0 -1 0 0 -1 0 0 -1 0 0 -1 0 0 -1 0 0 -1 0 0 -1 0 0 -1 0 0 -1 0 0 -1 0 0 -1 0 0 -1 0 0 -1 0 0 -1 0 0 -1 0 0 -1 0 0 -1 0 0 -1 0 0 -1 0 0 -1 0 0 -1 0 0 -1 0 0 -1 0 0 -1 0 0 -1 0 0 -1 0 0 -1 0 0 -1 0 0 -1 0 0 -1 0 0 -1 0 0 -1 0 0 -1 0 0 -1 0 0 -1 0 0 -1 0 0 -1 0 0 -1 0 0 -1 0 0 -1 0 0 -1 0 0 -1 0 0 -1 0 0 -1 0 0 -1 0 0 -1 0 0 -1 0 0 -1 0 0 -1 0 0 -1 0 0 -1 0 0 -1 0 0 -1 0 0 -1 0 0 -1 0 0 -1 0 0 -1 0 0 -1 0 0 -1 0 0 -1 0 0 -1 0 0 -1 0 0 -1 0 0 -1 0 0 -1 0 0 -1 0 0 -1 0 0 -1 0 0 -1 0 0 -1 0 0 -1 0 0 -1 0 0 -1 0 0 -1 0 0 -1 0 0 -1 0 0 -1 0 0 -1 0 0 -1 0 0 -1 0 0 -1 0 0 -1 0 0 -1 0 0 -1 0 0 -1 0 0 -1 0 0 -1 0 0 -1 0 0 -1 0 0 -1 0 0 -1 0 0 -1 0 0 -1 0 0 -1 0 0 -1 0 0 -1 0 0 -1 0 0 -1 0 0 -1 0 0 -1 0 0 -1 0 0 -1 0 0 -1 0 0 -1 0 0 -1 0 0 -1 0 0 -1 0 0 -1 0 0 -1 0 0 -1 0 0 -1 0 0 -1 0 0 -1 0 0 -1 0 0 -1 0 0 -1 0 0 -1 0 0 -1 0 0 -1 0 0 -1 0 0 -1 0 0 -1 0 0 -1 0 0 -1 0 0 -1 0 0 -1 0 0 -1 0 0 -1 0 0 -1 0 0 -1 0 0 -1 0 0 -1 0 0 -1 0 0 -1 0 0 -1 0 0 -1 0 0 -1 0 0 -1 0 0 -1 0 0 -1 0 0 -1 0 0 -1 0 0 -1 0 0 -1 0 0 -1 0 0 -1 0 0 -1 0 0 -1 0 0 -1 0 0 -1 0 0 -1 0 0 -1 0 0 -1 0 0 -1 0 0 -1 0 0 -1 0 0 -1 0 0 -1 0 0 -1 0 0 -1 0 0 -1 0 0 -1 0 0 -1 0 0 -1 0 0 -1 0 0 -1 0 0 -1 0 0 -1 0 0 -1 0 0 -1 0 0 -1 0 0 -1 0 0 -1 0 0 -1 0 0 -1 0 0 -1 0 0 -1 0 0 -1 0 0 -1 0 0 -1 0 0 -1 0 0 -1 0 0 -1 0 0 -1 0 0 -1 0 0 -1 0 0 -1 0 0 -1 0 0 -1 0 0 -1 0 0 -1 0 0 -1 0 0 -1 0 0 -1 0 0 -1 0 0 -1 0 0 -1 0 0 -1 0 0 -1 0 0 -1 0 0 -1 0 0 -1 0 0 -1 0 0 -1 0 0 -1 0 0 -1 0 0 -1 0 0 -1 0 0 -1 0 0 -1 0 0 -1 0 0 -1 0 0 -1 0 0 -1 0 0 -1 0 0 -1 0 0 -1 0 0 -1 0 0 -1 0 0 -1 0 0 -1 0 0 -1 0 0 -1 0 0 -1 0 0 -1 0 0 -1 0 0 -1 0 0 -1 0 0 -1 0 0 -1 0 0 -1 0 0 -1 0 0 -1 0 0 -1 0 0 -1 0 0 -1 0 0 -1 0 0 -1 0 0 -1 0 0 -1 0 0 -1 0 0 -1 0 0 -1 0 0 -1 0 0 -1 0 0 -1 0 0 -1 0 0 -1 0 0 -1 0 0 -1 0 0 -1 0 0 -1 0 0 -1 0 0 -1 0 0 -1 0 0 -1 0 0 -1 0 0 -1 0 0 -1 0 0 -1 0 0 -1 0 0 -1 0 0 -1 0 0 -1 0 0 -1 0 0 -1 0 0 -1 0 0 -1 0 0 -1 0 0 -1 0 0 -1 0 0 -1 0 0 -1 0 0 -1 0 0 -1 0 0 -1 0 0 -1 0 0 -1 0 0 -1 0 0 -1 0 0 -1 0 0 -1 0 0 -1 0 0 -1 0 0 -1 0 0 -1 0 0 -1 0 0 -1 0 0 -1 0 0 -1 0 0 -1 0 0 -1 0 0 -1 0 0 -1 0 0 -1 0 0 -1 0 0 -1 0 0 -1 0 0 -1 0 0 -1 0 0 -1 0 0 -1 0 0 -1 0 0 -1 0 0 -1 0 0 -1 0 0 -1 0 0 -1 0 0 -1 0 0 -1 0 0 -1 0 0 -1 0 0 -1 0 0 -1 0 0 -1 0 0 -1 0 0 -1 0 0 -1 0 0 -1 0 0 -1 0 0 -1 0 0 -1 0 0 -1 0 0 -1 0 0 -1 0 0 -1 0 0 -1 0 0 -1 0 0 -1 0 0 -1 0 0 -1 0 0 -1 0 0 -1 0 0 -1 0 0 -1 0 0 -1 0 0 -1 0 0 -1 0 0 -1 0 0 -1 0 0 -1 0 0 -1 0 0 -1 0 0 -1 0 0 -1 0 0 -1 0 0 -1 0 0 -1 0 0 -1 0 0 -1 0 0 -1 0 0 -1 0 0 -1 0 0 -1 0 0 -1 0 0 -1 0 0 -1 0 0 -1 0 0 -1 0 0 -1 0 0 -1 0 0 -1 0 0 -1 0 0 -1 0 0 -1 0 0 -1 0 0 -1 0 0 -1 0 0 -1 0 0 -1 0 0 -1 0 0 -1 0 0 -1 0 0 -1 0 0 -1 0 0 -1 0 0 -1 0 0 -1 0 0 -1 0 0 -1 0 0 -1 0 0 -1 0 0 -1 0 0 -1 0 0 -1 0 0 -1 0 0 -1 0 0 -1 0 0 -1 0 0 -1 0 0 -1 0 0 -1 0 0 -1 0 0 -1 0 0 -1 0 0 -1 0 0 -1 0 0 -1 0 0 -1 0 0 -1 0 0 -1 0 0 -1 0 0 -1 0 0 -1 0 0 -1 0 0 -1 0 0 -1 0 0 -1 0 0 -1 0 0 -1 0 0 -1 0 0 -1 0 0 -1 0 0 -1 0 0 -1 0 0 -1 0 0 -1 0 0 -1 0 0 -1 0 0 -1 0 0 -1 0 0 -1 0 0 -1 0 0 -1 0 0 -1 0 0 -1 0 0 -1 0 0 -1 0 0 -1 0 0 -1 0 0 -1 0 0 -1 0 0 -1 0 0 -1 0 0 -1 0 0 -1 0 0 -1 0 0 -1 0 0 -1 0 0 -1 0 0 -1 0 0 -1 0 0 -1 0 0 -1 0 0 -1 0 0 -1 0 0 -1 0 0 -1 0 0 -1 0 0 -1 0 0 -1 0 0 -1 0 0 -1 0 0 -1 0 0 -1 0 0 -1 0 0 -1 0 0 -1 0 0 -1 0 0 -1 0 0 -1 0 0 -1 0 0 -1 0 0 -1 0 0 -1 0 0 -1 0 0 -1 0 0 -1 0 0 -1 0 0 -1 0 0 -1 0 0 -1 0 0 -1 0 0 -1 0 0 -1 0 0 -1 0 0 -1 0 0 -1 0 0 -1 0 0 -1 0 0 -1 0 0 -1 0 0 -1 0 0 -1 0 0 -1 0 0 -1 0 0 -1 0 0 -1 0 0 -1 0 0 -1 0 0 -1 0 0 -1 0 0 -1 0 0 -1 0 0 -1 0 0 -1 0 0 -1 0 0 -1 0 0 -1 0 0 -1 0 0 -1 0 0 -1 0 0 -1 0 0 -1 0 0 -1 0 0 -1 0 0 -1 0 0 -1 0 0 -1 0 0 -1 0 0 -1 0 0 -1 0 0 -1 0 0 -1 0 0 -1 0 0 -1 0 0 -1 0 0 -1 0 0 -1 0 0 -1 0 0 -1 0 0 -1 0 0 -1 0 0 -1 0 0 -1 0 0 -1 0 0 -1 0 0 -1 0 0 -1 0 0 -1 0 0 -1 0 0 -1 0 0 -1 0 0 -1 0 0 -1 0 0 -1 0 0 -1 0 0 -1 0 0 -1 0 0 -1 0 0 -1 0 0 -1 0 0 -1 0 0 -1 0 0 -1 0 0 -1 0 0 -1 0 0 -1 0 0 -1 0 0 -1 0 0 -1 0 0 -1 0 0 -1 0 0 -1 0 0 -1 0 0 -1 0 0 -1 0 0 -1 0 0 -1 0 0 -1 0 0 -1 0 0 -1 0 0 -1 0 0 -1 0 0 -1 0 0 -1 0 0 -1 0 0 -1 0 0 -1 0 0 -1 0 0 -1 0 0 -1 0 0 -1 0 0 -1 0 0 -1 0 0 -1 0 0 -1 0 0 -1 0 0 -1 0 0 -1 0 0 -1 0 0 -1 0 0 -1 0 0 -1 0 0 -1 0 0 -1 0 0 -1 0 0 -1 0 0 -1 0 0 -1 0 0 -1 0 0 -1 0 0 -1 0 0 -1 0 0 -1 0 0 -1 0 0 -1 0 0 -1 0 0 -1 0 0 -1 0 0 -1 0 0 -1 0 0 -1 0 0 -1 0 0 -1 0 0 -1 0 0 -1 0 0 -1 0 0 -1 0 0 -1 0 0 -1 0 0 -1 0 0 -1 0 0 -1 0 0 -1 0 0 -1 0 0 -1 0 0 -1 0 0 -1 0 0 -1 0 0 -1 0 0 -1 0 0 -1 0 0 -1 0 0 -1 0 0 -1 0 0 -1 0 0 -1 0 0 -1 0 0 -1 0 0 -1 0 0 -1 0 0 -1 0 0 -1 0 0 -1 0 0 -1 0 0 -1 0 0 -1 0 0 -1 0 0 -1 0 0 -1 0 0 -1 0 0 -1 0 0 -1 0 0 -1 0 0 -1 0 0 -1 0 0 -1 0 0 -1 0 0 -1 0 0 -1 0 0 -1 0 0 -1 0 0 -1 0 0 -1 0 0 -1 0 0 -1 0 0 -1 0 0 -1 0 0 -1 0 0 -1 0 0 -1 0 0 -1 0 0 -1 0 0 -1 0 0 -1 0 0 -1 0 0 -1 0 0 -1 0 0 -1 0 0 -1 0 0 -1 0 0 -1 0 0 -1 0 0 -1 0 0 -1 0 0 -1 0 0 -1 0 0 -1 0 0 -1 0 0 -1 0 0 -1 0 0 -1 0 0 -1 0 0 -1 0 0 -1 0 0 -1 0 0 -1 0 0 -1 0 0 -1 0 0 -1 0 0 -1 0 0 -1 0 0 -1 0 0 -1 0 0 -1 0 0 -1 0 0 -1 0 0 -1 0 0 -1 0 0 -1 0 0 -1 0 0 -1 0 0 -1 0 0 -1 0 0 -1 0 0 -1 0 0 -1 0 0 -1 0 0 -1 0 0 -1 0 0 -1 0 0 -1 0 0 -1 0 0 -1 0 0 -1 0 0 -1 0 0 -1 0 0 -1 0 0 -1 0 0 -1 0 0 -1 0 0 -1 0 0 -1 0 0 -1 0 0 -1 0 0 -1 0 0 -1 0 0 -1 0 0 -1 0 0 -1 0 0 -1 0 0 -1 0 0 -1 0 0 -1 0 0 -1 0 0 -1 0 0 -1 0 0 -1 0 0 -1 0 0 -1 0 0 -1 0 0 -1 0 0 -1 0 0 -1 0 0 -1 0 0 -1 0 0 -1 0 0 -1 0 0 -1 0 0 -1 0 0 -1 0 0 -1 0 0 -1 0 0 -1 0 0 -1 0 0 -1 0 0 -1 0 0 -1 0 0 -1 0 0 -1 0 0 -1 0 0 -1 0 0 -1 0 0 -1 0 0 -1 0 0 -1 0 0 -1 0 0 -1 0 0 -1 0 0 -1 0 0 -1 0 0 -1 0 0 -1 0 0 -1 0 0 -1 0 0 -1 0 0 -1 0 0 -1 0 0 -1 0 0 -1 0 0 -1 0 0 -1 0 0 -1 0 0 -1 0 0 0 -1 0 0 -1 -0.847419 0 -0.5309247 -0.847419 0 -0.5309247 0.8453112 0 -0.5342742 0.8453112 0 -0.5342742 0 0 -1 0 0 -1 0 0 -1 0.4999999 0 0.8660255 0.4999999 0 0.8660255 0.4999999 0 -0.8660255 0.4999999 0 -0.8660255 0.8660256 0 -0.4999998 0.8660255 0 -0.4999999 0.8660253 0 -0.5 -0.8660255 0 -0.4999999 -0.8660256 -2.7945e-7 -0.4999998 -0.8660254 0 -0.5000001 -0.4999999 0 -0.8660255 -0.4999999 0 -0.8660255 -0.4999999 0 0.8660255 -0.4999999 0 0.8660255 -0.8368402 0 0.5474473 -0.8368401 0 0.5474475 -0.8368398 0 0.5474478 -0.894423 0 -0.4472219 -0.894423 0 -0.4472219 -0.9124742 0 -0.4091343 -0.9124742 0 -0.4091343 -0.9289035 0 -0.3703218 -0.9289035 0 -0.3703218 -0.9436828 0 -0.3308515 -0.9436828 0 -0.3308515 -0.9567866 0 -0.2907907 -0.9567866 0 -0.2907907 -0.9681901 0 -0.2502158 -0.9681901 0 -0.2502158 -0.9778738 0 -0.2091955 -0.9778738 0 -0.2091955 -0.9858204 0 -0.1678043 -0.9858204 0 -0.1678043 -0.9920155 0 -0.1261161 -0.9920155 0 -0.1261161 -0.9964488 0 -0.08420175 -0.9964488 0 -0.08420175 -0.9991118 0 -0.04213702 -0.9991118 0 -0.04213702 -1 0 0 -1 0 0 -0.9991118 0 0.04213702 -0.9991118 0 0.04213702 -0.9964488 0 0.08420175 -0.9964488 0 0.08420175 -0.9920155 0 0.1261161 -0.9920155 0 0.1261161 -0.9858204 0 0.1678043 -0.9858204 0 0.1678043 -0.9778738 0 0.2091955 -0.9778738 0 0.2091955 -0.9681901 0 0.2502158 -0.9681901 0 0.2502158 -0.9567866 0 0.2907907 -0.9567866 0 0.2907907 -0.9436828 0 0.3308515 -0.9436828 0 0.3308515 -0.9289035 0 0.3703218 -0.9289035 0 0.3703218 -0.9124742 0 0.4091343 -0.9124742 0 0.4091343 -0.894423 0 0.4472219 -0.894423 0 0.4472219 0.9179193 0 -0.3967671 0.932008 0 -0.3624377 0.932008 0 -0.3624377 0.9469302 0 -0.3214392 0.9469302 0 -0.3214392 0.9600497 0 -0.2798297 0.9600497 0 -0.2798297 0.9713422 0 -0.2376854 0.9713422 0 -0.2376854 0.9807853 0 -0.1950904 0.9807853 0 -0.1950904 0.9883614 0 -0.1521236 0.9883614 0 -0.1521236 0.9940563 0 -0.1088678 0.9940563 0 -0.1088678 0.997859 0 -0.06540161 0.997859 0 -0.06540161 0.999762 0 -0.02181535 0.999762 0 -0.02181535 0.999762 0 0.02181535 0.999762 0 0.02181535 0.997859 0 0.06540161 0.997859 0 0.06540161 0.9940563 0 0.1088678 0.9940563 0 0.1088678 0.9883614 0 0.1521236 0.9883614 0 0.1521236 0.9807853 0 0.1950904 0.9807853 0 0.1950904 0.9713422 0 0.2376854 0.9713422 0 0.2376854 0.9600497 0 0.2798297 0.9600497 0 0.2798297 0.9469302 0 0.3214392 0.9469302 0 0.3214392 0.932008 0 0.3624377 0.932008 0 0.3624377 0.9153117 0 0.4027462 0.9153117 0 0.4027462 0.8968723 0 0.4422895 0.8968723 0 0.4422895 0.8767273 0 0.4809879 0.8767273 0 0.4809879 0.854912 0 0.5187731 0.854912 0 0.5187731 0.8314694 0 0.5555706 0.8314694 0 0.5555706 0.8064439 0 0.5913105 0.8064439 0 0.5913105 0.7798846 0 0.6259234 0.7798846 0 0.6259234 0.7518405 0 0.659345 0.7518405 0 0.659345 0.7223631 0 0.691514 0.7223631 0 0.691514 0.691514 0 0.7223631 0.691514 0 0.7223631 0.659345 0 0.7518405 0.659345 0 0.7518405 0.6259234 0 0.7798846 0.6259234 0 0.7798846 0.5913105 0 0.8064439 0.5913105 0 0.8064439 0.5555706 0 0.8314694 0.5555706 0 0.8314694 0.5187731 0 0.854912 0.5187731 0 0.854912 0.4809879 0 0.8767273 0.4809879 0 0.8767273 0.4422895 0 0.8968723 0.4422895 0 0.8968723 0.4027462 0 0.9153117 0.4027462 0 0.9153117 0.3624377 0 0.932008 0.3624377 0 0.932008 0.3214392 0 0.9469302 0.3214392 0 0.9469302 0.2798297 0 0.9600497 0.2798297 0 0.9600497 0.2376854 0 0.9713422 0.2376854 0 0.9713422 0.1950904 0 0.9807853 0.1950904 0 0.9807853 0.1521236 0 0.9883614 0.1521236 0 0.9883614 0.1088678 0 0.9940563 0.1088678 0 0.9940563 0.06540161 0 0.997859 0.06540161 0 0.997859 0.02181535 0 0.999762 0.02181535 0 0.999762 -0.02181535 0 0.999762 -0.02181535 0 0.999762 -0.06540161 0 0.997859 -0.06540161 0 0.997859 -0.1088678 0 0.9940563 -0.1088678 0 0.9940563 -0.1521236 0 0.9883614 -0.1521236 0 0.9883614 -0.1950904 0 0.9807853 -0.1950904 0 0.9807853 -0.2376854 0 0.9713422 -0.2376854 0 0.9713422 -0.2798297 0 0.9600497 -0.2798297 0 0.9600497 -0.3214392 0 0.9469302 -0.3214392 0 0.9469302 -0.3624377 0 0.932008 -0.3624377 0 0.932008 -0.4027462 0 0.9153117 -0.4027462 0 0.9153117 -0.4422895 0 0.8968723 -0.4422895 0 0.8968723 -0.4809879 0 0.8767273 -0.4809879 0 0.8767273 -0.5187731 0 0.854912 -0.5187731 0 0.854912 -0.5555706 0 0.8314694 -0.5555706 0 0.8314694 -0.5913105 0 0.8064439 -0.5913105 0 0.8064439 -0.6259234 0 0.7798846 -0.6259234 0 0.7798846 -0.659345 0 0.7518405 -0.659345 0 0.7518405 -0.691514 0 0.7223631 -0.691514 0 0.7223631 -0.7223631 0 0.691514 -0.7223631 0 0.691514 -0.7518405 0 0.659345 -0.7518405 0 0.659345 -0.7798846 0 0.6259234 -0.7798846 0 0.6259234 -0.8064439 0 0.5913105 -0.8064439 0 0.5913105 -0.8314694 0 0.5555706 -0.8314694 0 0.5555706 -0.854912 0 0.5187731 -0.854912 0 0.5187731 -0.8767273 0 0.4809879 -0.8767273 0 0.4809879 -0.8968723 0 0.4422895 -0.8968723 0 0.4422895 -0.9153117 0 0.4027462 -0.9153117 0 0.4027462 -0.932008 0 0.3624377 -0.932008 0 0.3624377 -0.9469302 0 0.3214392 -0.9469302 0 0.3214392 -0.9600497 0 0.2798297 -0.9600497 0 0.2798297 -0.9713422 0 0.2376854 -0.9713422 0 0.2376854 -0.9807853 0 0.1950904 -0.9807853 0 0.1950904 -0.9883614 0 0.1521236 -0.9883614 0 0.1521236 -0.9940563 0 0.1088678 -0.9940563 0 0.1088678 -0.997859 0 0.06540161 -0.997859 0 0.06540161 -0.999762 0 0.02181535 -0.999762 0 0.02181535 -0.999762 0 -0.02181535 -0.999762 0 -0.02181535 -0.997859 0 -0.06540161 -0.997859 0 -0.06540161 -0.9940563 0 -0.1088678 -0.9940563 0 -0.1088678 -0.9883614 0 -0.1521236 -0.9883614 0 -0.1521236 -0.9807853 0 -0.1950904 -0.9807853 0 -0.1950904 -0.9713422 0 -0.2376854 -0.9713422 0 -0.2376854 -0.9600497 0 -0.2798297 -0.9600497 0 -0.2798297 -0.9469302 0 -0.3214392 -0.9469302 0 -0.3214392 -0.932008 0 -0.3624377 -0.932008 0 -0.3624377 -0.9153117 0 -0.4027462 -0.9153117 0 -0.4027462 -0.8968723 0 -0.4422895 -0.8968723 0 -0.4422895 -0.8767273 0 -0.4809879 -0.8767273 0 -0.4809879 -0.854912 0 -0.5187731 -0.854912 0 -0.5187731 -0.8314694 0 -0.5555706 -0.8314694 0 -0.5555706 -0.8064439 0 -0.5913105 -0.8064439 0 -0.5913105 -0.7798846 0 -0.6259234 -0.7798846 0 -0.6259234 -0.7518405 0 -0.659345 -0.7518405 0 -0.659345 -0.7223631 0 -0.691514 -0.7223631 0 -0.691514 -0.691514 0 -0.7223631 -0.691514 0 -0.7223631 -0.659345 0 -0.7518405 -0.659345 0 -0.7518405 -0.6259234 0 -0.7798846 -0.6259234 0 -0.7798846 -0.5913105 0 -0.8064439 -0.5913105 0 -0.8064439 -0.5555706 0 -0.8314694 -0.5555706 0 -0.8314694 -0.5187731 0 -0.854912 -0.5187731 0 -0.854912 -0.4809879 0 -0.8767273 -0.4809879 0 -0.8767273 -0.4422895 0 -0.8968723 -0.4422895 0 -0.8968723 -0.4027462 0 -0.9153117 -0.4027462 0 -0.9153117 -0.3624377 0 -0.932008 -0.3624377 0 -0.932008 -0.3214392 0 -0.9469302 -0.3214392 0 -0.9469302 -0.2798297 0 -0.9600497 -0.2798297 0 -0.9600497 -0.2376854 0 -0.9713422 -0.2376854 0 -0.9713422 -0.1950904 0 -0.9807853 -0.1950904 0 -0.9807853 -0.1521236 0 -0.9883614 -0.1521236 0 -0.9883614 -0.1088678 0 -0.9940563 -0.1088678 0 -0.9940563 -0.06540161 0 -0.997859 -0.06540161 0 -0.997859 -0.02181535 0 -0.999762 -0.02181535 0 -0.999762 0.02181535 0 -0.999762 0.02181535 0 -0.999762 0.06540161 0 -0.997859 0.06540161 0 -0.997859 0.1088678 0 -0.9940563 0.1088678 0 -0.9940563 0.1521236 0 -0.9883614 0.1521236 0 -0.9883614 0.1950904 0 -0.9807853 0.1950904 0 -0.9807853 0.2376854 0 -0.9713422 0.2376854 0 -0.9713422 0.2798297 0 -0.9600497 0.2798297 0 -0.9600497 0.3214392 0 -0.9469302 0.3214392 0 -0.9469302 0.3624377 0 -0.932008 0.3624377 0 -0.932008 0.4027462 0 -0.9153117 0.4027462 0 -0.9153117 0.4422895 0 -0.8968723 0.4422895 0 -0.8968723 0.4809879 0 -0.8767273 0.4809879 0 -0.8767273 0.5187731 0 -0.854912 0.5187731 0 -0.854912 0.5555706 0 -0.8314694 0.5555706 0 -0.8314694 0.5913105 0 -0.8064439 0.5913105 0 -0.8064439 0.6259234 0 -0.7798846 0.6259234 0 -0.7798846 0.659345 0 -0.7518405 0.659345 0 -0.7518405 0.691514 0 -0.7223631 0.691514 0 -0.7223631 0.7223631 0 -0.691514 0.7223631 0 -0.691514 0.7518405 0 -0.659345 0.7518405 0 -0.659345 0.7798846 0 -0.6259234 0.7798846 0 -0.6259234 0.8064439 0 -0.5913105 0.8064439 0 -0.5913105 0.8314694 0 -0.5555706 0.8314694 0 -0.5555706 0.854912 0 -0.5187731 0.854912 0 -0.5187731 0.8767273 0 -0.4809879 0.8767273 0 -0.4809879 0.8968723 0 -0.4422895 0.8968723 0 -0.4422895 0.9090444 0 -0.4166994 0.9153115 -6.92453e-4 -0.4027461 -0.4472219 0 0.894423 -0.4472219 0 0.894423 -0.4091343 0 0.9124742 -0.4091343 0 0.9124742 -0.3703218 0 0.9289035 -0.3703218 0 0.9289035 -0.3308515 0 0.9436828 -0.3308515 0 0.9436828 -0.2907907 0 0.9567866 -0.2907907 0 0.9567866 -0.2502158 0 0.9681901 -0.2502158 0 0.9681901 -0.2091955 0 0.9778738 -0.2091955 0 0.9778738 -0.1678043 0 0.9858204 -0.1678043 0 0.9858204 -0.1261161 0 0.9920155 -0.1261161 0 0.9920155 -0.08420175 0 0.9964488 -0.08420175 0 0.9964488 -0.04213702 0 0.9991118 -0.04213702 0 0.9991118 0 0 1 0 0 1 0.04213702 0 0.9991118 0.04213702 0 0.9991118 0.08420175 0 0.9964488 0.08420175 0 0.9964488 0.1261161 0 0.9920155 0.1261161 0 0.9920155 0.1678043 0 0.9858204 0.1678043 0 0.9858204 0.2091955 0 0.9778738 0.2091955 0 0.9778738 0.2502158 0 0.9681901 0.2502158 0 0.9681901 0.2907907 0 0.9567866 0.2907907 0 0.9567866 0.3308515 0 0.9436828 0.3308515 0 0.9436828 0.3703218 0 0.9289035 0.3703218 0 0.9289035 0.4091343 0 0.9124742 0.4091343 0 0.9124742 0.4472219 0 0.894423 0.4472219 0 0.894423 0.894423 0 0.4472219 0.894423 0 0.4472219 0.9124742 0 0.4091343 0.9124742 0 0.4091343 0.9289035 0 0.3703218 0.9289035 0 0.3703218 0.9436828 0 0.3308515 0.9436828 0 0.3308515 0.9567866 0 0.2907907 0.9567866 0 0.2907907 0.9681901 0 0.2502158 0.9681901 0 0.2502158 0.9778738 0 0.2091955 0.9778738 0 0.2091955 0.9858204 0 0.1678043 0.9858204 0 0.1678043 0.9920155 0 0.1261161 0.9920155 0 0.1261161 0.9964488 0 0.08420175 0.9964488 0 0.08420175 0.9991118 0 0.04213702 0.9991118 0 0.04213702 1 0 0 1 0 0 0.9991118 0 -0.04213702 0.9991118 0 -0.04213702 0.9964488 0 -0.08420175 0.9964488 0 -0.08420175 0.9920155 0 -0.1261161 0.9920155 0 -0.1261161 0.9858204 0 -0.1678043 0.9858204 0 -0.1678043 0.9778738 0 -0.2091955 0.9778738 0 -0.2091955 0.9681901 0 -0.2502158 0.9681901 0 -0.2502158 0.9567866 0 -0.2907907 0.9567866 0 -0.2907907 0.9436828 0 -0.3308515 0.9436828 0 -0.3308515 0.9289035 0 -0.3703218 0.9289035 0 -0.3703218 0.9124742 0 -0.4091343 0.9124742 0 -0.4091343 0.894423 0 -0.4472219 0.894423 0 -0.4472219 0 0 -1 0 0 -1</float_array>
          <technique_common>
            <accessor source="#ATI_mount_-_Part_1-mesh-normals-array" count="4594" stride="3">
              <param name="X" type="float"/>
              <param name="Y" type="float"/>
              <param name="Z" type="float"/>
            </accessor>
          </technique_common>
        </source>
        <vertices id="ATI_mount_-_Part_1-mesh-vertices">
          <input semantic="POSITION" source="#ATI_mount_-_Part_1-mesh-positions"/>
        </vertices>
        <triangles count="4594">
          <input semantic="VERTEX" source="#ATI_mount_-_Part_1-mesh-vertices" offset="0"/>
          <input semantic="NORMAL" source="#ATI_mount_-_Part_1-mesh-normals" offset="1"/>
          <p>0 0 1 0 2 0 1 1 3 1 2 1 2 2 3 2 4 2 5 3 6 3 2 3 6 4 7 4 2 4 2 5 7 5 0 5 8 6 9 6 2 6 9 7 10 7 2 7 2 8 10 8 5 8 11 9 12 9 2 9 12 10 13 10 2 10 2 11 13 11 8 11 14 12 15 12 2 12 15 13 16 13 2 13 2 14 16 14 11 14 17 15 18 15 2 15 18 16 19 16 2 16 2 17 19 17 14 17 20 18 21 18 2 18 21 19 22 19 2 19 2 20 22 20 17 20 23 21 24 21 2 21 24 22 25 22 2 22 2 23 25 23 20 23 26 24 27 24 2 24 27 25 28 25 2 25 2 26 28 26 23 26 29 27 30 27 2 27 30 28 31 28 2 28 2 29 31 29 26 29 32 30 33 30 2 30 33 31 34 31 2 31 2 32 34 32 29 32 35 33 36 33 2 33 36 34 37 34 2 34 2 35 37 35 32 35 38 36 39 36 2 36 39 37 40 37 2 37 2 38 40 38 35 38 41 39 42 39 2 39 42 40 43 40 2 40 2 41 43 41 38 41 44 42 45 42 2 42 45 43 46 43 2 43 2 44 46 44 41 44 47 45 48 45 2 45 48 46 49 46 2 46 2 47 49 47 44 47 50 48 51 48 2 48 51 49 52 49 2 49 2 50 52 50 47 50 53 51 54 51 2 51 54 52 55 52 2 52 2 53 55 53 50 53 56 54 57 54 2 54 57 55 58 55 2 55 2 56 58 56 53 56 59 57 60 57 2 57 60 58 61 58 2 58 2 59 61 59 56 59 62 60 63 60 2 60 63 61 64 61 2 61 2 62 64 62 59 62 65 63 66 63 2 63 66 64 67 64 2 64 2 65 67 65 62 65 68 66 69 66 2 66 69 67 70 67 2 67 2 68 70 68 65 68 71 69 72 69 2 69 72 70 73 70 2 70 2 71 73 71 68 71 74 72 75 72 2 72 75 73 76 73 2 73 2 74 76 74 71 74 77 75 78 75 2 75 78 76 79 76 2 76 2 77 79 77 74 77 80 78 81 78 2 78 81 79 82 79 2 79 2 80 82 80 77 80 83 81 84 81 2 81 84 82 85 82 2 82 2 83 85 83 80 83 86 84 87 84 2 84 87 85 88 85 2 85 2 86 88 86 83 86 89 87 90 87 2 87 90 88 91 88 2 88 2 89 91 89 86 89 92 90 93 90 2 90 93 91 94 91 2 91 2 92 94 92 89 92 95 93 96 93 2 93 96 94 97 94 2 94 2 95 97 95 92 95 98 96 99 96 2 96 99 97 100 97 2 97 2 98 100 98 95 98 101 99 102 99 2 99 102 100 103 100 2 100 2 101 103 101 98 101 104 102 105 102 2 102 105 103 106 103 2 103 2 104 106 104 101 104 107 105 108 105 2 105 108 106 109 106 2 106 2 107 109 107 104 107 110 108 111 108 2 108 111 109 112 109 2 109 2 110 112 110 107 110 113 111 114 111 2 111 114 112 115 112 2 112 2 113 115 113 110 113 116 114 117 114 2 114 117 115 118 115 2 115 2 116 118 116 113 116 119 117 120 117 2 117 120 118 121 118 2 118 2 119 121 119 116 119 122 120 123 120 2 120 123 121 124 121 2 121 2 122 124 122 119 122 125 123 126 123 2 123 126 124 127 124 2 124 2 125 127 125 122 125 128 126 129 126 2 126 129 127 130 127 2 127 2 128 130 128 125 128 131 129 132 129 2 129 132 130 133 130 2 130 2 131 133 131 128 131 134 132 135 132 2 132 135 133 136 133 2 133 2 134 136 134 131 134 137 135 138 135 2 135 138 136 139 136 2 136 2 137 139 137 134 137 140 138 141 138 2 138 141 139 142 139 2 139 2 140 142 140 137 140 4 141 143 141 2 141 143 142 144 142 2 142 2 143 144 143 140 143 145 144 146 144 147 144 146 145 148 145 147 145 147 146 148 146 149 146 148 147 150 147 149 147 149 148 150 148 151 148 150 149 152 149 151 149 151 150 152 150 153 150 152 151 154 151 153 151 153 152 154 152 155 152 154 153 156 153 155 153 155 154 156 154 157 154 156 155 158 155 157 155 157 156 158 156 159 156 158 157 160 157 159 157 159 158 160 158 161 158 160 159 162 159 161 159 161 160 162 160 163 160 162 161 164 161 163 161 163 162 164 162 165 162 164 163 166 163 165 163 165 164 166 164 167 164 166 165 168 165 167 165 167 166 168 166 169 166 168 167 170 167 169 167 169 168 170 168 171 168 170 169 172 169 171 169 171 170 172 170 173 170 172 171 174 171 173 171 173 172 174 172 175 172 174 173 176 173 175 173 175 174 176 174 177 174 176 175 178 175 177 175 177 176 178 176 179 176 178 177 180 177 179 177 179 178 180 178 181 178 180 179 182 179 181 179 181 180 182 180 183 180 182 181 184 181 183 181 183 182 184 182 185 182 184 183 186 183 185 183 185 184 186 184 187 184 186 185 188 185 187 185 187 186 188 186 189 186 188 187 190 187 189 187 189 188 190 188 191 188 190 189 192 189 191 189 191 190 192 190 193 190 192 191 194 191 193 191 193 192 194 192 195 192 194 193 196 193 195 193 195 194 196 194 197 194 196 195 198 195 197 195 197 196 198 196 199 196 198 197 200 197 199 197 199 198 200 198 201 198 200 199 202 199 201 199 201 200 202 200 203 200 202 201 204 201 203 201 203 202 204 202 205 202 204 203 206 203 205 203 205 204 206 204 207 204 206 205 208 205 207 205 207 206 208 206 209 206 208 207 210 207 209 207 209 208 210 208 211 208 210 209 212 209 211 209 211 210 212 210 213 210 212 211 214 211 213 211 213 212 214 212 215 212 214 213 216 213 215 213 215 214 216 214 217 214 216 215 218 215 217 215 217 216 218 216 219 216 218 217 220 217 219 217 219 218 220 218 221 218 220 219 222 219 221 219 221 220 222 220 223 220 222 221 224 221 223 221 223 222 224 222 225 222 224 223 226 223 225 223 225 224 226 224 227 224 226 225 228 225 227 225 227 226 228 226 229 226 228 227 230 227 229 227 229 228 230 228 231 228 230 229 232 229 231 229 231 230 232 230 233 230 232 231 234 231 233 231 233 232 234 232 235 232 234 233 236 233 235 233 235 234 236 234 237 234 236 235 238 235 237 235 237 236 238 236 239 236 238 237 240 237 239 237 239 238 240 238 241 238 240 239 242 239 241 239 241 240 242 240 243 240 242 241 244 241 243 241 243 242 244 242 245 242 244 243 246 243 245 243 245 244 246 244 247 244 246 245 248 245 247 245 247 246 248 246 249 246 248 247 250 247 249 247 249 248 250 248 251 248 250 249 252 249 251 249 251 250 252 250 253 250 252 251 254 251 253 251 253 252 254 252 255 252 254 253 256 253 255 253 255 254 256 254 257 254 256 255 258 255 257 255 257 256 258 256 259 256 258 257 260 257 259 257 259 258 260 258 261 258 260 259 262 259 261 259 261 260 262 260 263 260 262 261 264 261 263 261 263 262 264 262 265 262 264 263 266 263 265 263 265 264 266 264 267 264 266 265 268 265 267 265 267 266 268 266 269 266 268 267 270 267 269 267 269 268 270 268 271 268 270 269 272 269 271 269 271 270 272 270 273 270 272 271 274 271 273 271 273 272 274 272 275 272 274 273 276 273 275 273 275 274 276 274 277 274 276 275 278 275 277 275 277 276 278 276 279 276 278 277 280 277 279 277 279 278 280 278 281 278 280 279 282 279 281 279 281 280 282 280 283 280 282 281 284 281 283 281 283 282 284 282 285 282 284 283 286 283 285 283 285 284 286 284 287 284 286 285 288 285 287 285 287 286 288 286 289 286 288 287 290 287 289 287 289 288 290 288 291 288 290 289 292 289 291 289 291 290 292 290 293 290 292 291 294 291 293 291 293 292 294 292 295 292 294 293 296 293 295 293 295 294 296 294 297 294 296 295 298 295 297 295 297 296 298 296 299 296 298 297 300 297 299 297 299 298 300 298 301 298 300 299 302 299 301 299 301 300 302 300 303 300 302 301 304 301 303 301 303 302 304 302 305 302 304 303 306 303 305 303 305 304 306 304 307 304 306 305 308 305 307 305 307 306 308 306 309 306 308 307 310 307 309 307 309 308 310 308 311 308 310 309 312 309 311 309 311 310 312 310 313 310 312 311 314 311 313 311 313 312 314 312 315 312 314 313 316 313 315 313 315 314 316 314 317 314 316 315 318 315 317 315 317 316 318 316 319 316 318 317 320 317 319 317 319 318 320 318 321 318 320 319 322 319 321 319 321 320 322 320 323 320 322 321 324 321 323 321 323 322 324 322 325 322 324 323 326 323 325 323 325 324 326 324 327 324 326 325 328 325 327 325 327 326 328 326 329 326 328 327 330 327 329 327 329 328 330 328 331 328 330 329 332 329 331 329 331 330 332 330 333 330 332 331 334 331 333 331 333 332 334 332 335 332 334 333 336 333 335 333 335 334 336 334 337 334 336 335 338 335 337 335 337 336 338 336 339 336 338 337 340 337 339 337 339 338 340 338 341 338 340 339 342 339 341 339 341 340 342 340 343 340 342 341 344 341 343 341 343 342 344 342 345 342 344 343 346 343 345 343 345 344 346 344 347 344 346 345 348 345 347 345 347 346 348 346 349 346 348 347 350 347 349 347 349 348 350 348 351 348 350 349 352 349 351 349 351 350 352 350 353 350 352 351 354 351 353 351 353 352 354 352 355 352 354 353 356 353 355 353 355 354 356 354 357 354 356 355 358 355 357 355 357 356 358 356 359 356 358 357 360 357 359 357 359 358 360 358 361 358 360 359 362 359 361 359 361 360 362 360 363 360 362 361 364 361 363 361 363 362 364 362 365 362 364 363 366 363 365 363 365 364 366 364 367 364 366 365 368 365 367 365 367 366 368 366 369 366 368 367 370 367 369 367 369 368 370 368 371 368 370 369 372 369 371 369 371 370 372 370 373 370 372 371 374 371 373 371 373 372 374 372 375 372 374 373 376 373 375 373 375 374 376 374 377 374 376 375 378 375 377 375 377 376 378 376 379 376 378 377 380 377 379 377 379 378 380 378 381 378 380 379 382 379 381 379 381 380 382 380 383 380 382 381 384 381 383 381 383 382 384 382 385 382 384 383 386 383 385 383 385 384 386 384 387 384 386 385 388 385 387 385 387 386 388 386 389 386 388 387 390 387 389 387 389 388 390 388 391 388 390 389 392 389 391 389 391 390 392 390 393 390 392 391 394 391 393 391 393 392 394 392 395 392 394 393 396 393 395 393 395 394 396 394 397 394 396 395 398 395 397 395 397 396 398 396 399 396 398 397 400 397 399 397 399 398 400 398 401 398 400 399 402 399 401 399 401 400 402 400 403 400 402 401 404 401 403 401 403 402 404 402 405 402 404 403 406 403 405 403 405 404 406 404 407 404 406 405 408 405 407 405 407 406 408 406 409 406 408 407 410 407 409 407 409 408 410 408 411 408 410 409 412 409 411 409 411 410 412 410 413 410 412 411 414 411 413 411 413 412 414 412 415 412 414 413 416 413 415 413 415 414 416 414 417 414 416 415 418 415 417 415 417 416 418 416 419 416 418 417 420 417 419 417 419 418 420 418 421 418 420 419 422 419 421 419 421 420 422 420 423 420 422 421 424 421 423 421 423 422 424 422 425 422 424 423 426 423 425 423 425 424 426 424 427 424 426 425 428 425 427 425 427 426 428 426 429 426 428 427 430 427 429 427 429 428 430 428 431 428 430 429 432 429 431 429 431 430 432 430 145 430 432 431 146 431 145 431 433 432 434 432 435 432 434 433 436 433 435 433 435 434 436 434 437 434 436 435 438 435 437 435 437 436 438 436 439 436 438 437 440 437 439 437 439 438 440 438 441 438 440 439 442 439 441 439 441 440 442 440 443 440 442 441 444 441 443 441 443 442 444 442 445 442 444 443 446 443 445 443 445 444 446 444 447 444 446 445 448 445 447 445 447 446 448 446 449 446 448 447 450 447 449 447 449 448 450 448 451 448 450 449 452 449 451 449 451 450 452 450 453 450 452 451 454 451 453 451 453 452 454 452 455 452 454 453 456 453 455 453 455 454 456 454 457 454 456 455 458 455 457 455 457 456 458 456 459 456 458 457 460 457 459 457 459 458 460 458 461 458 460 459 462 459 461 459 461 460 462 460 463 460 462 461 464 461 463 461 463 462 464 462 465 462 464 463 466 463 465 463 465 464 466 464 467 464 466 465 468 465 467 465 467 466 468 466 469 466 468 467 470 467 469 467 469 468 470 468 471 468 470 469 472 469 471 469 471 470 472 470 473 470 472 471 474 471 473 471 473 472 474 472 475 472 474 473 476 473 475 473 475 474 476 474 477 474 476 475 478 475 477 475 477 476 478 476 479 476 478 477 480 477 479 477 479 478 480 478 481 478 480 479 482 479 481 479 481 480 482 480 483 480 482 481 484 481 483 481 483 482 484 482 485 482 484 483 486 483 485 483 485 484 486 484 487 484 486 485 488 485 487 485 487 486 488 486 489 486 488 487 490 487 489 487 489 488 490 488 491 488 490 489 492 489 491 489 491 490 492 490 493 490 492 491 494 491 493 491 493 492 494 492 495 492 494 493 496 493 495 493 495 494 496 494 497 494 496 495 498 495 497 495 497 496 498 496 499 496 498 497 500 497 499 497 499 498 500 498 501 498 500 499 502 499 501 499 501 500 502 500 503 500 502 501 504 501 503 501 503 502 504 502 505 502 504 503 506 503 505 503 505 504 506 504 507 504 506 505 508 505 507 505 507 506 508 506 509 506 508 507 510 507 509 507 509 508 510 508 511 508 510 509 512 509 511 509 511 510 512 510 513 510 512 511 514 511 513 511 513 512 514 512 515 512 514 513 516 513 515 513 515 514 516 514 517 514 516 515 518 515 517 515 517 516 518 516 519 516 518 517 520 517 519 517 519 518 520 518 521 518 520 519 522 519 521 519 521 520 522 520 523 520 522 521 524 521 523 521 523 522 524 522 525 522 524 523 526 523 525 523 525 524 526 524 527 524 526 525 528 525 527 525 527 526 528 526 529 526 528 527 530 527 529 527 529 528 530 528 531 528 530 529 532 529 531 529 531 530 532 530 533 530 532 531 534 531 533 531 533 532 534 532 535 532 534 533 536 533 535 533 535 534 536 534 537 534 536 535 538 535 537 535 537 536 538 536 539 536 538 537 540 537 539 537 539 538 540 538 541 538 540 539 542 539 541 539 541 540 542 540 543 540 542 541 544 541 543 541 543 542 544 542 545 542 544 543 546 543 545 543 545 544 546 544 547 544 546 545 548 545 547 545 547 546 548 546 549 546 548 547 550 547 549 547 549 548 550 548 551 548 550 549 552 549 551 549 551 550 552 550 553 550 552 551 554 551 553 551 553 552 554 552 555 552 554 553 556 553 555 553 555 554 556 554 557 554 556 555 558 555 557 555 557 556 558 556 559 556 558 557 560 557 559 557 559 558 560 558 561 558 560 559 562 559 561 559 561 560 562 560 563 560 562 561 564 561 563 561 563 562 564 562 565 562 564 563 566 563 565 563 565 564 566 564 567 564 566 565 568 565 567 565 567 566 568 566 569 566 568 567 570 567 569 567 569 568 570 568 571 568 570 569 572 569 571 569 571 570 572 570 573 570 572 571 574 571 573 571 573 572 574 572 575 572 574 573 576 573 575 573 575 574 576 574 577 574 576 575 578 575 577 575 577 576 578 576 579 576 578 577 580 577 579 577 579 578 580 578 581 578 580 579 582 579 581 579 581 580 582 580 583 580 582 581 584 581 583 581 583 582 584 582 585 582 584 583 586 583 585 583 585 584 586 584 587 584 586 585 588 585 587 585 587 586 588 586 589 586 588 587 590 587 589 587 589 588 590 588 591 588 590 589 592 589 591 589 591 590 592 590 593 590 592 591 594 591 593 591 593 592 594 592 595 592 594 593 596 593 595 593 595 594 596 594 597 594 596 595 598 595 597 595 597 596 598 596 599 596 598 597 600 597 599 597 599 598 600 598 601 598 600 599 602 599 601 599 601 600 602 600 603 600 602 601 604 601 603 601 603 602 604 602 605 602 604 603 606 603 605 603 605 604 606 604 607 604 606 605 608 605 607 605 607 606 608 606 609 606 608 607 610 607 609 607 609 608 610 608 611 608 610 609 612 609 611 609 611 610 612 610 613 610 612 611 614 611 613 611 613 612 614 612 615 612 614 613 616 613 615 613 615 614 616 614 617 614 616 615 618 615 617 615 617 616 618 616 619 616 618 617 620 617 619 617 619 618 620 618 621 618 620 619 622 619 621 619 621 620 622 620 623 620 622 621 624 621 623 621 623 622 624 622 625 622 624 623 626 623 625 623 625 624 626 624 627 624 626 625 628 625 627 625 627 626 628 626 629 626 628 627 630 627 629 627 629 628 630 628 631 628 630 629 632 629 631 629 631 630 632 630 633 630 632 631 634 631 633 631 633 632 634 632 635 632 634 633 636 633 635 633 635 634 636 634 637 634 636 635 638 635 637 635 637 636 638 636 639 636 638 637 640 637 639 637 639 638 640 638 641 638 640 639 642 639 641 639 641 640 642 640 643 640 642 641 644 641 643 641 643 642 644 642 645 642 644 643 646 643 645 643 645 644 646 644 647 644 646 645 648 645 647 645 647 646 648 646 649 646 648 647 650 647 649 647 649 648 650 648 651 648 650 649 652 649 651 649 651 650 652 650 653 650 652 651 654 651 653 651 653 652 654 652 655 652 654 653 656 653 655 653 655 654 656 654 657 654 656 655 658 655 657 655 657 656 658 656 659 656 658 657 660 657 659 657 659 658 660 658 661 658 660 659 662 659 661 659 661 660 662 660 663 660 662 661 664 661 663 661 663 662 664 662 665 662 664 663 666 663 665 663 665 664 666 664 667 664 666 665 668 665 667 665 667 666 668 666 669 666 668 667 670 667 669 667 669 668 670 668 671 668 670 669 672 669 671 669 671 670 672 670 673 670 672 671 674 671 673 671 673 672 674 672 675 672 674 673 676 673 675 673 675 674 676 674 677 674 676 675 678 675 677 675 677 676 678 676 679 676 678 677 680 677 679 677 679 678 680 678 681 678 680 679 682 679 681 679 681 680 682 680 683 680 682 681 684 681 683 681 683 682 684 682 685 682 684 683 686 683 685 683 685 684 686 684 687 684 686 685 688 685 687 685 687 686 688 686 689 686 688 687 690 687 689 687 689 688 690 688 691 688 690 689 692 689 691 689 691 690 692 690 693 690 692 691 694 691 693 691 693 692 694 692 695 692 694 693 696 693 695 693 695 694 696 694 697 694 696 695 698 695 697 695 697 696 698 696 699 696 698 697 700 697 699 697 699 698 700 698 701 698 700 699 702 699 701 699 701 700 702 700 703 700 702 701 704 701 703 701 703 702 704 702 705 702 704 703 706 703 705 703 705 704 706 704 707 704 706 705 708 705 707 705 707 706 708 706 709 706 708 707 710 707 709 707 709 708 710 708 711 708 710 709 712 709 711 709 711 710 712 710 713 710 712 711 714 711 713 711 713 712 714 712 715 712 714 713 716 713 715 713 715 714 716 714 717 714 716 715 718 715 717 715 717 716 718 716 719 716 718 717 720 717 719 717 719 718 720 718 433 718 720 719 434 719 433 719 721 720 722 720 723 720 722 721 724 721 723 721 723 722 724 722 725 722 724 723 726 723 725 723 725 724 726 724 727 724 726 725 728 725 727 725 727 726 728 726 729 726 728 727 730 727 729 727 729 728 730 728 731 728 730 729 732 729 731 729 731 730 732 730 733 730 732 731 734 731 733 731 733 732 734 732 735 732 734 733 736 733 735 733 735 734 736 734 737 734 736 735 738 735 737 735 737 736 738 736 739 736 738 737 740 737 739 737 739 738 740 738 741 738 740 739 742 739 741 739 741 740 742 740 743 740 742 741 744 741 743 741 743 742 744 742 745 742 744 743 746 743 745 743 745 744 746 744 747 744 746 745 748 745 747 745 747 746 748 746 749 746 748 747 750 747 749 747 749 748 750 748 751 748 750 749 752 749 751 749 751 750 752 750 753 750 752 751 754 751 753 751 753 752 754 752 755 752 754 753 756 753 755 753 755 754 756 754 757 754 756 755 758 755 757 755 757 756 758 756 759 756 758 757 760 757 759 757 759 758 760 758 761 758 760 759 762 759 761 759 761 760 762 760 763 760 762 761 764 761 763 761 763 762 764 762 765 762 764 763 766 763 765 763 765 764 766 764 767 764 766 765 768 765 767 765 767 766 768 766 769 766 768 767 770 767 769 767 769 768 770 768 771 768 770 769 772 769 771 769 771 770 772 770 773 770 772 771 774 771 773 771 773 772 774 772 775 772 774 773 776 773 775 773 775 774 776 774 777 774 776 775 778 775 777 775 777 776 778 776 779 776 778 777 780 777 779 777 779 778 780 778 781 778 780 779 782 779 781 779 781 780 782 780 783 780 782 781 784 781 783 781 783 782 784 782 785 782 784 783 786 783 785 783 785 784 786 784 787 784 786 785 788 785 787 785 787 786 788 786 789 786 788 787 790 787 789 787 789 788 790 788 791 788 790 789 792 789 791 789 791 790 792 790 793 790 792 791 794 791 793 791 793 792 794 792 795 792 794 793 796 793 795 793 795 794 796 794 797 794 796 795 798 795 797 795 797 796 798 796 799 796 798 797 800 797 799 797 799 798 800 798 801 798 800 799 802 799 801 799 801 800 802 800 803 800 802 801 804 801 803 801 803 802 804 802 805 802 804 803 806 803 805 803 805 804 806 804 807 804 806 805 808 805 807 805 807 806 808 806 809 806 808 807 810 807 809 807 809 808 810 808 811 808 810 809 812 809 811 809 811 810 812 810 813 810 812 811 814 811 813 811 813 812 814 812 815 812 814 813 816 813 815 813 815 814 816 814 817 814 816 815 818 815 817 815 817 816 818 816 819 816 818 817 820 817 819 817 819 818 820 818 821 818 820 819 822 819 821 819 821 820 822 820 823 820 822 821 824 821 823 821 823 822 824 822 825 822 824 823 826 823 825 823 825 824 826 824 827 824 826 825 828 825 827 825 827 826 828 826 829 826 828 827 830 827 829 827 829 828 830 828 831 828 830 829 832 829 831 829 831 830 832 830 833 830 832 831 834 831 833 831 833 832 834 832 835 832 834 833 836 833 835 833 835 834 836 834 837 834 836 835 838 835 837 835 837 836 838 836 839 836 838 837 840 837 839 837 839 838 840 838 841 838 840 839 842 839 841 839 841 840 842 840 843 840 842 841 844 841 843 841 843 842 844 842 845 842 844 843 846 843 845 843 845 844 846 844 847 844 846 845 848 845 847 845 847 846 848 846 849 846 848 847 850 847 849 847 849 848 850 848 851 848 850 849 852 849 851 849 851 850 852 850 853 850 852 851 854 851 853 851 853 852 854 852 855 852 854 853 856 853 855 853 855 854 856 854 857 854 856 855 858 855 857 855 857 856 858 856 859 856 858 857 860 857 859 857 859 858 860 858 861 858 860 859 862 859 861 859 861 860 862 860 863 860 862 861 864 861 863 861 863 862 864 862 865 862 864 863 866 863 865 863 865 864 866 864 867 864 866 865 868 865 867 865 867 866 868 866 869 866 868 867 870 867 869 867 869 868 870 868 871 868 870 869 872 869 871 869 871 870 872 870 873 870 872 871 874 871 873 871 873 872 874 872 875 872 874 873 876 873 875 873 875 874 876 874 877 874 876 875 878 875 877 875 877 876 878 876 879 876 878 877 880 877 879 877 879 878 880 878 881 878 880 879 882 879 881 879 881 880 882 880 883 880 882 881 884 881 883 881 883 882 884 882 885 882 884 883 886 883 885 883 885 884 886 884 887 884 886 885 888 885 887 885 887 886 888 886 889 886 888 887 890 887 889 887 889 888 890 888 891 888 890 889 892 889 891 889 891 890 892 890 893 890 892 891 894 891 893 891 893 892 894 892 895 892 894 893 896 893 895 893 895 894 896 894 897 894 896 895 898 895 897 895 897 896 898 896 899 896 898 897 900 897 899 897 899 898 900 898 901 898 900 899 902 899 901 899 901 900 902 900 903 900 902 901 904 901 903 901 903 902 904 902 905 902 904 903 906 903 905 903 905 904 906 904 907 904 906 905 908 905 907 905 907 906 908 906 909 906 908 907 910 907 909 907 909 908 910 908 911 908 910 909 912 909 911 909 911 910 912 910 913 910 912 911 914 911 913 911 913 912 914 912 915 912 914 913 916 913 915 913 915 914 916 914 917 914 916 915 918 915 917 915 917 916 918 916 919 916 918 917 920 917 919 917 919 918 920 918 921 918 920 919 922 919 921 919 921 920 922 920 923 920 922 921 924 921 923 921 923 922 924 922 925 922 924 923 926 923 925 923 925 924 926 924 927 924 926 925 928 925 927 925 927 926 928 926 929 926 928 927 930 927 929 927 929 928 930 928 931 928 930 929 932 929 931 929 931 930 932 930 933 930 932 931 934 931 933 931 933 932 934 932 935 932 934 933 936 933 935 933 935 934 936 934 937 934 936 935 938 935 937 935 937 936 938 936 939 936 938 937 940 937 939 937 939 938 940 938 941 938 940 939 942 939 941 939 941 940 942 940 943 940 942 941 944 941 943 941 943 942 944 942 945 942 944 943 946 943 945 943 945 944 946 944 947 944 946 945 948 945 947 945 947 946 948 946 949 946 948 947 950 947 949 947 949 948 950 948 951 948 950 949 952 949 951 949 951 950 952 950 953 950 952 951 954 951 953 951 953 952 954 952 955 952 954 953 956 953 955 953 955 954 956 954 957 954 956 955 958 955 957 955 957 956 958 956 959 956 958 957 960 957 959 957 959 958 960 958 961 958 960 959 962 959 961 959 961 960 962 960 963 960 962 961 964 961 963 961 963 962 964 962 965 962 964 963 966 963 965 963 965 964 966 964 967 964 966 965 968 965 967 965 967 966 968 966 969 966 968 967 970 967 969 967 969 968 970 968 971 968 970 969 972 969 971 969 971 970 972 970 973 970 972 971 974 971 973 971 973 972 974 972 975 972 974 973 976 973 975 973 975 974 976 974 977 974 976 975 978 975 977 975 977 976 978 976 979 976 978 977 980 977 979 977 979 978 980 978 981 978 980 979 982 979 981 979 981 980 982 980 983 980 982 981 984 981 983 981 983 982 984 982 985 982 984 983 986 983 985 983 985 984 986 984 987 984 986 985 988 985 987 985 987 986 988 986 989 986 988 987 990 987 989 987 989 988 990 988 991 988 990 989 992 989 991 989 991 990 992 990 993 990 992 991 994 991 993 991 993 992 994 992 995 992 994 993 996 993 995 993 995 994 996 994 997 994 996 995 998 995 997 995 997 996 998 996 999 996 998 997 1000 997 999 997 999 998 1000 998 1001 998 1000 999 1002 999 1001 999 1001 1000 1002 1000 1003 1000 1002 1001 1004 1001 1003 1001 1003 1002 1004 1002 1005 1002 1004 1003 1006 1003 1005 1003 1005 1004 1006 1004 1007 1004 1006 1005 1008 1005 1007 1005 1007 1006 1008 1006 721 1006 1008 1007 722 1007 721 1007 1009 1008 1010 1008 1011 1008 1010 1009 1012 1009 1011 1009 1011 1010 1012 1010 1013 1010 1012 1011 1014 1011 1013 1011 1013 1012 1014 1012 1015 1012 1014 1013 1016 1013 1015 1013 1015 1014 1016 1014 1017 1014 1016 1015 1018 1015 1017 1015 1017 1016 1018 1016 1019 1016 1018 1017 1020 1017 1019 1017 1019 1018 1020 1018 1021 1018 1020 1019 1022 1019 1021 1019 1021 1020 1022 1020 1023 1020 1022 1021 1024 1021 1023 1021 1023 1022 1024 1022 1025 1022 1024 1023 1026 1023 1025 1023 1025 1024 1026 1024 1027 1024 1026 1025 1028 1025 1027 1025 1027 1026 1028 1026 1029 1026 1028 1027 1030 1027 1029 1027 1029 1028 1030 1028 1031 1028 1030 1029 1032 1029 1031 1029 1031 1030 1032 1030 1033 1030 1032 1031 1034 1031 1033 1031 1033 1032 1034 1032 1035 1032 1034 1033 1036 1033 1035 1033 1035 1034 1036 1034 1037 1034 1036 1035 1038 1035 1037 1035 1037 1036 1038 1036 1039 1036 1038 1037 1040 1037 1039 1037 1039 1038 1040 1038 1041 1038 1040 1039 1042 1039 1041 1039 1041 1040 1042 1040 1043 1040 1042 1041 1044 1041 1043 1041 1043 1042 1044 1042 1045 1042 1044 1043 1046 1043 1045 1043 1045 1044 1046 1044 1047 1044 1046 1045 1048 1045 1047 1045 1047 1046 1048 1046 1049 1046 1048 1047 1050 1047 1049 1047 1049 1048 1050 1048 1051 1048 1050 1049 1052 1049 1051 1049 1051 1050 1052 1050 1053 1050 1052 1051 1054 1051 1053 1051 1053 1052 1054 1052 1055 1052 1054 1053 1056 1053 1055 1053 1055 1054 1056 1054 1057 1054 1056 1055 1058 1055 1057 1055 1057 1056 1058 1056 1059 1056 1058 1057 1060 1057 1059 1057 1059 1058 1060 1058 1061 1058 1060 1059 1062 1059 1061 1059 1061 1060 1062 1060 1063 1060 1062 1061 1064 1061 1063 1061 1063 1062 1064 1062 1065 1062 1064 1063 1066 1063 1065 1063 1065 1064 1066 1064 1067 1064 1066 1065 1068 1065 1067 1065 1067 1066 1068 1066 1069 1066 1068 1067 1070 1067 1069 1067 1069 1068 1070 1068 1071 1068 1070 1069 1072 1069 1071 1069 1071 1070 1072 1070 1073 1070 1072 1071 1074 1071 1073 1071 1073 1072 1074 1072 1075 1072 1074 1073 1076 1073 1075 1073 1075 1074 1076 1074 1077 1074 1076 1075 1078 1075 1077 1075 1077 1076 1078 1076 1079 1076 1078 1077 1080 1077 1079 1077 1079 1078 1080 1078 1081 1078 1080 1079 1082 1079 1081 1079 1081 1080 1082 1080 1083 1080 1082 1081 1084 1081 1083 1081 1083 1082 1084 1082 1085 1082 1084 1083 1086 1083 1085 1083 1085 1084 1086 1084 1087 1084 1086 1085 1088 1085 1087 1085 1087 1086 1088 1086 1089 1086 1088 1087 1090 1087 1089 1087 1089 1088 1090 1088 1091 1088 1090 1089 1092 1089 1091 1089 1091 1090 1092 1090 1093 1090 1092 1091 1094 1091 1093 1091 1093 1092 1094 1092 1095 1092 1094 1093 1096 1093 1095 1093 1095 1094 1096 1094 1097 1094 1096 1095 1098 1095 1097 1095 1097 1096 1098 1096 1099 1096 1098 1097 1100 1097 1099 1097 1099 1098 1100 1098 1101 1098 1100 1099 1102 1099 1101 1099 1101 1100 1102 1100 1103 1100 1102 1101 1104 1101 1103 1101 1103 1102 1104 1102 1105 1102 1104 1103 1106 1103 1105 1103 1105 1104 1106 1104 1107 1104 1106 1105 1108 1105 1107 1105 1107 1106 1108 1106 1109 1106 1108 1107 1110 1107 1109 1107 1109 1108 1110 1108 1111 1108 1110 1109 1112 1109 1111 1109 1111 1110 1112 1110 1113 1110 1112 1111 1114 1111 1113 1111 1113 1112 1114 1112 1115 1112 1114 1113 1116 1113 1115 1113 1115 1114 1116 1114 1117 1114 1116 1115 1118 1115 1117 1115 1117 1116 1118 1116 1119 1116 1118 1117 1120 1117 1119 1117 1119 1118 1120 1118 1121 1118 1120 1119 1122 1119 1121 1119 1121 1120 1122 1120 1123 1120 1122 1121 1124 1121 1123 1121 1123 1122 1124 1122 1125 1122 1124 1123 1126 1123 1125 1123 1125 1124 1126 1124 1127 1124 1126 1125 1128 1125 1127 1125 1127 1126 1128 1126 1129 1126 1128 1127 1130 1127 1129 1127 1129 1128 1130 1128 1131 1128 1130 1129 1132 1129 1131 1129 1131 1130 1132 1130 1133 1130 1132 1131 1134 1131 1133 1131 1133 1132 1134 1132 1135 1132 1134 1133 1136 1133 1135 1133 1135 1134 1136 1134 1137 1134 1136 1135 1138 1135 1137 1135 1137 1136 1138 1136 1139 1136 1138 1137 1140 1137 1139 1137 1139 1138 1140 1138 1141 1138 1140 1139 1142 1139 1141 1139 1141 1140 1142 1140 1143 1140 1142 1141 1144 1141 1143 1141 1143 1142 1144 1142 1145 1142 1144 1143 1146 1143 1145 1143 1145 1144 1146 1144 1147 1144 1146 1145 1148 1145 1147 1145 1147 1146 1148 1146 1149 1146 1148 1147 1150 1147 1149 1147 1149 1148 1150 1148 1151 1148 1150 1149 1152 1149 1151 1149 1151 1150 1152 1150 1153 1150 1152 1151 1154 1151 1153 1151 1153 1152 1154 1152 1155 1152 1154 1153 1156 1153 1155 1153 1155 1154 1156 1154 1157 1154 1156 1155 1158 1155 1157 1155 1157 1156 1158 1156 1159 1156 1158 1157 1160 1157 1159 1157 1159 1158 1160 1158 1161 1158 1160 1159 1162 1159 1161 1159 1161 1160 1162 1160 1163 1160 1162 1161 1164 1161 1163 1161 1163 1162 1164 1162 1165 1162 1164 1163 1166 1163 1165 1163 1165 1164 1166 1164 1167 1164 1166 1165 1168 1165 1167 1165 1167 1166 1168 1166 1169 1166 1168 1167 1170 1167 1169 1167 1169 1168 1170 1168 1171 1168 1170 1169 1172 1169 1171 1169 1171 1170 1172 1170 1173 1170 1172 1171 1174 1171 1173 1171 1173 1172 1174 1172 1175 1172 1174 1173 1176 1173 1175 1173 1175 1174 1176 1174 1177 1174 1176 1175 1178 1175 1177 1175 1177 1176 1178 1176 1179 1176 1178 1177 1180 1177 1179 1177 1179 1178 1180 1178 1181 1178 1180 1179 1182 1179 1181 1179 1181 1180 1182 1180 1183 1180 1182 1181 1184 1181 1183 1181 1183 1182 1184 1182 1185 1182 1184 1183 1186 1183 1185 1183 1185 1184 1186 1184 1187 1184 1186 1185 1188 1185 1187 1185 1187 1186 1188 1186 1189 1186 1188 1187 1190 1187 1189 1187 1189 1188 1190 1188 1191 1188 1190 1189 1192 1189 1191 1189 1191 1190 1192 1190 1193 1190 1192 1191 1194 1191 1193 1191 1193 1192 1194 1192 1195 1192 1194 1193 1196 1193 1195 1193 1195 1194 1196 1194 1197 1194 1196 1195 1198 1195 1197 1195 1197 1196 1198 1196 1199 1196 1198 1197 1200 1197 1199 1197 1199 1198 1200 1198 1201 1198 1200 1199 1202 1199 1201 1199 1201 1200 1202 1200 1203 1200 1202 1201 1204 1201 1203 1201 1203 1202 1204 1202 1205 1202 1204 1203 1206 1203 1205 1203 1205 1204 1206 1204 1207 1204 1206 1205 1208 1205 1207 1205 1207 1206 1208 1206 1209 1206 1208 1207 1210 1207 1209 1207 1209 1208 1210 1208 1211 1208 1210 1209 1212 1209 1211 1209 1211 1210 1212 1210 1213 1210 1212 1211 1214 1211 1213 1211 1213 1212 1214 1212 1215 1212 1214 1213 1216 1213 1215 1213 1215 1214 1216 1214 1217 1214 1216 1215 1218 1215 1217 1215 1217 1216 1218 1216 1219 1216 1218 1217 1220 1217 1219 1217 1219 1218 1220 1218 1221 1218 1220 1219 1222 1219 1221 1219 1221 1220 1222 1220 1223 1220 1222 1221 1224 1221 1223 1221 1223 1222 1224 1222 1225 1222 1224 1223 1226 1223 1225 1223 1225 1224 1226 1224 1227 1224 1226 1225 1228 1225 1227 1225 1227 1226 1228 1226 1229 1226 1228 1227 1230 1227 1229 1227 1229 1228 1230 1228 1231 1228 1230 1229 1232 1229 1231 1229 1231 1230 1232 1230 1233 1230 1232 1231 1234 1231 1233 1231 1233 1232 1234 1232 1235 1232 1234 1233 1236 1233 1235 1233 1235 1234 1236 1234 1237 1234 1236 1235 1238 1235 1237 1235 1237 1236 1238 1236 1239 1236 1238 1237 1240 1237 1239 1237 1239 1238 1240 1238 1241 1238 1240 1239 1242 1239 1241 1239 1241 1240 1242 1240 1243 1240 1242 1241 1244 1241 1243 1241 1243 1242 1244 1242 1245 1242 1244 1243 1246 1243 1245 1243 1245 1244 1246 1244 1247 1244 1246 1245 1248 1245 1247 1245 1247 1246 1248 1246 1249 1246 1248 1247 1250 1247 1249 1247 1249 1248 1250 1248 1251 1248 1250 1249 1252 1249 1251 1249 1251 1250 1252 1250 1253 1250 1252 1251 1254 1251 1253 1251 1253 1252 1254 1252 1255 1252 1254 1253 1256 1253 1255 1253 1255 1254 1256 1254 1257 1254 1256 1255 1258 1255 1257 1255 1257 1256 1258 1256 1259 1256 1258 1257 1260 1257 1259 1257 1259 1258 1260 1258 1261 1258 1260 1259 1262 1259 1261 1259 1261 1260 1262 1260 1263 1260 1262 1261 1264 1261 1263 1261 1263 1262 1264 1262 1265 1262 1264 1263 1266 1263 1265 1263 1265 1264 1266 1264 1267 1264 1266 1265 1268 1265 1267 1265 1267 1266 1268 1266 1269 1266 1268 1267 1270 1267 1269 1267 1269 1268 1270 1268 1271 1268 1270 1269 1272 1269 1271 1269 1271 1270 1272 1270 1273 1270 1272 1271 1274 1271 1273 1271 1273 1272 1274 1272 1275 1272 1274 1273 1276 1273 1275 1273 1275 1274 1276 1274 1277 1274 1276 1275 1278 1275 1277 1275 1277 1276 1278 1276 1279 1276 1278 1277 1280 1277 1279 1277 1279 1278 1280 1278 1281 1278 1280 1279 1282 1279 1281 1279 1281 1280 1282 1280 1283 1280 1282 1281 1284 1281 1283 1281 1283 1282 1284 1282 1285 1282 1284 1283 1286 1283 1285 1283 1285 1284 1286 1284 1287 1284 1286 1285 1288 1285 1287 1285 1287 1286 1288 1286 1289 1286 1288 1287 1290 1287 1289 1287 1289 1288 1290 1288 1291 1288 1290 1289 1292 1289 1291 1289 1291 1290 1292 1290 1293 1290 1292 1291 1294 1291 1293 1291 1293 1292 1294 1292 1295 1292 1294 1293 1296 1293 1295 1293 1295 1294 1296 1294 1009 1294 1296 1295 1010 1295 1009 1295 1297 1296 1298 1296 1299 1296 1298 1297 1300 1297 1299 1297 1299 1298 1300 1298 1301 1298 1300 1299 1302 1299 1301 1299 1301 1300 1302 1300 1303 1300 1302 1301 1304 1301 1303 1301 1303 1302 1304 1302 1305 1302 1304 1303 1306 1303 1305 1303 1305 1304 1306 1304 1307 1304 1306 1305 1308 1305 1307 1305 1307 1306 1308 1306 1309 1306 1308 1307 1310 1307 1309 1307 1309 1308 1310 1308 1311 1308 1310 1309 1312 1309 1311 1309 1311 1310 1312 1310 1313 1310 1312 1311 1314 1311 1313 1311 1313 1312 1314 1312 1315 1312 1314 1313 1316 1313 1315 1313 1315 1314 1316 1314 1317 1314 1316 1315 1318 1315 1317 1315 1317 1316 1318 1316 1319 1316 1318 1317 1320 1317 1319 1317 1319 1318 1320 1318 1321 1318 1320 1319 1322 1319 1321 1319 1321 1320 1322 1320 1323 1320 1322 1321 1324 1321 1323 1321 1323 1322 1324 1322 1325 1322 1324 1323 1326 1323 1325 1323 1325 1324 1326 1324 1327 1324 1326 1325 1328 1325 1327 1325 1327 1326 1328 1326 1329 1326 1328 1327 1330 1327 1329 1327 1329 1328 1330 1328 1331 1328 1330 1329 1332 1329 1331 1329 1331 1330 1332 1330 1333 1330 1332 1331 1334 1331 1333 1331 1333 1332 1334 1332 1335 1332 1334 1333 1336 1333 1335 1333 1335 1334 1336 1334 1337 1334 1336 1335 1338 1335 1337 1335 1337 1336 1338 1336 1339 1336 1338 1337 1340 1337 1339 1337 1339 1338 1340 1338 1341 1338 1340 1339 1342 1339 1341 1339 1341 1340 1342 1340 1343 1340 1342 1341 1344 1341 1343 1341 1343 1342 1344 1342 1345 1342 1344 1343 1346 1343 1345 1343 1345 1344 1346 1344 1347 1344 1346 1345 1348 1345 1347 1345 1347 1346 1348 1346 1349 1346 1348 1347 1350 1347 1349 1347 1349 1348 1350 1348 1351 1348 1350 1349 1352 1349 1351 1349 1351 1350 1352 1350 1353 1350 1352 1351 1354 1351 1353 1351 1353 1352 1354 1352 1355 1352 1354 1353 1356 1353 1355 1353 1355 1354 1356 1354 1357 1354 1356 1355 1358 1355 1357 1355 1357 1356 1358 1356 1359 1356 1358 1357 1360 1357 1359 1357 1359 1358 1360 1358 1361 1358 1360 1359 1362 1359 1361 1359 1361 1360 1362 1360 1363 1360 1362 1361 1364 1361 1363 1361 1363 1362 1364 1362 1365 1362 1364 1363 1366 1363 1365 1363 1365 1364 1366 1364 1367 1364 1366 1365 1368 1365 1367 1365 1367 1366 1368 1366 1369 1366 1368 1367 1370 1367 1369 1367 1369 1368 1370 1368 1371 1368 1370 1369 1372 1369 1371 1369 1371 1370 1372 1370 1373 1370 1372 1371 1374 1371 1373 1371 1373 1372 1374 1372 1375 1372 1374 1373 1376 1373 1375 1373 1375 1374 1376 1374 1377 1374 1376 1375 1378 1375 1377 1375 1377 1376 1378 1376 1379 1376 1378 1377 1380 1377 1379 1377 1379 1378 1380 1378 1381 1378 1380 1379 1382 1379 1381 1379 1381 1380 1382 1380 1383 1380 1382 1381 1384 1381 1383 1381 1383 1382 1384 1382 1385 1382 1384 1383 1386 1383 1385 1383 1385 1384 1386 1384 1387 1384 1386 1385 1388 1385 1387 1385 1387 1386 1388 1386 1389 1386 1388 1387 1390 1387 1389 1387 1389 1388 1390 1388 1391 1388 1390 1389 1392 1389 1391 1389 1391 1390 1392 1390 1393 1390 1392 1391 1394 1391 1393 1391 1393 1392 1394 1392 1395 1392 1394 1393 1396 1393 1395 1393 1395 1394 1396 1394 1397 1394 1396 1395 1398 1395 1397 1395 1397 1396 1398 1396 1399 1396 1398 1397 1400 1397 1399 1397 1399 1398 1400 1398 1401 1398 1400 1399 1402 1399 1401 1399 1401 1400 1402 1400 1403 1400 1402 1401 1404 1401 1403 1401 1403 1402 1404 1402 1405 1402 1404 1403 1406 1403 1405 1403 1405 1404 1406 1404 1407 1404 1406 1405 1408 1405 1407 1405 1407 1406 1408 1406 1409 1406 1408 1407 1410 1407 1409 1407 1409 1408 1410 1408 1411 1408 1410 1409 1412 1409 1411 1409 1411 1410 1412 1410 1413 1410 1412 1411 1414 1411 1413 1411 1413 1412 1414 1412 1415 1412 1414 1413 1416 1413 1415 1413 1415 1414 1416 1414 1417 1414 1416 1415 1418 1415 1417 1415 1417 1416 1418 1416 1419 1416 1418 1417 1420 1417 1419 1417 1419 1418 1420 1418 1421 1418 1420 1419 1422 1419 1421 1419 1421 1420 1422 1420 1423 1420 1422 1421 1424 1421 1423 1421 1423 1422 1424 1422 1425 1422 1424 1423 1426 1423 1425 1423 1425 1424 1426 1424 1427 1424 1426 1425 1428 1425 1427 1425 1427 1426 1428 1426 1429 1426 1428 1427 1430 1427 1429 1427 1429 1428 1430 1428 1431 1428 1430 1429 1432 1429 1431 1429 1431 1430 1432 1430 1433 1430 1432 1431 1434 1431 1433 1431 1433 1432 1434 1432 1435 1432 1434 1433 1436 1433 1435 1433 1435 1434 1436 1434 1437 1434 1436 1435 1438 1435 1437 1435 1437 1436 1438 1436 1439 1436 1438 1437 1440 1437 1439 1437 1439 1438 1440 1438 1441 1438 1440 1439 1442 1439 1441 1439 1441 1440 1442 1440 1443 1440 1442 1441 1444 1441 1443 1441 1443 1442 1444 1442 1445 1442 1444 1443 1446 1443 1445 1443 1445 1444 1446 1444 1447 1444 1446 1445 1448 1445 1447 1445 1447 1446 1448 1446 1449 1446 1448 1447 1450 1447 1449 1447 1449 1448 1450 1448 1451 1448 1450 1449 1452 1449 1451 1449 1451 1450 1452 1450 1453 1450 1452 1451 1454 1451 1453 1451 1453 1452 1454 1452 1455 1452 1454 1453 1456 1453 1455 1453 1455 1454 1456 1454 1457 1454 1456 1455 1458 1455 1457 1455 1457 1456 1458 1456 1459 1456 1458 1457 1460 1457 1459 1457 1459 1458 1460 1458 1461 1458 1460 1459 1462 1459 1461 1459 1461 1460 1462 1460 1463 1460 1462 1461 1464 1461 1463 1461 1463 1462 1464 1462 1465 1462 1464 1463 1466 1463 1465 1463 1465 1464 1466 1464 1467 1464 1466 1465 1468 1465 1467 1465 1467 1466 1468 1466 1469 1466 1468 1467 1470 1467 1469 1467 1469 1468 1470 1468 1471 1468 1470 1469 1472 1469 1471 1469 1471 1470 1472 1470 1473 1470 1472 1471 1474 1471 1473 1471 1473 1472 1474 1472 1475 1472 1474 1473 1476 1473 1475 1473 1475 1474 1476 1474 1477 1474 1476 1475 1478 1475 1477 1475 1477 1476 1478 1476 1479 1476 1478 1477 1480 1477 1479 1477 1479 1478 1480 1478 1481 1478 1480 1479 1482 1479 1481 1479 1481 1480 1482 1480 1483 1480 1482 1481 1484 1481 1483 1481 1483 1482 1484 1482 1485 1482 1484 1483 1486 1483 1485 1483 1485 1484 1486 1484 1487 1484 1486 1485 1488 1485 1487 1485 1487 1486 1488 1486 1489 1486 1488 1487 1490 1487 1489 1487 1489 1488 1490 1488 1491 1488 1490 1489 1492 1489 1491 1489 1491 1490 1492 1490 1493 1490 1492 1491 1494 1491 1493 1491 1493 1492 1494 1492 1495 1492 1494 1493 1496 1493 1495 1493 1495 1494 1496 1494 1497 1494 1496 1495 1498 1495 1497 1495 1497 1496 1498 1496 1499 1496 1498 1497 1500 1497 1499 1497 1499 1498 1500 1498 1501 1498 1500 1499 1502 1499 1501 1499 1501 1500 1502 1500 1503 1500 1502 1501 1504 1501 1503 1501 1503 1502 1504 1502 1505 1502 1504 1503 1506 1503 1505 1503 1505 1504 1506 1504 1507 1504 1506 1505 1508 1505 1507 1505 1507 1506 1508 1506 1509 1506 1508 1507 1510 1507 1509 1507 1509 1508 1510 1508 1511 1508 1510 1509 1512 1509 1511 1509 1511 1510 1512 1510 1513 1510 1512 1511 1514 1511 1513 1511 1513 1512 1514 1512 1515 1512 1514 1513 1516 1513 1515 1513 1515 1514 1516 1514 1517 1514 1516 1515 1518 1515 1517 1515 1517 1516 1518 1516 1519 1516 1518 1517 1520 1517 1519 1517 1519 1518 1520 1518 1521 1518 1520 1519 1522 1519 1521 1519 1521 1520 1522 1520 1523 1520 1522 1521 1524 1521 1523 1521 1523 1522 1524 1522 1525 1522 1524 1523 1526 1523 1525 1523 1525 1524 1526 1524 1527 1524 1526 1525 1528 1525 1527 1525 1527 1526 1528 1526 1529 1526 1528 1527 1530 1527 1529 1527 1529 1528 1530 1528 1531 1528 1530 1529 1532 1529 1531 1529 1531 1530 1532 1530 1533 1530 1532 1531 1534 1531 1533 1531 1533 1532 1534 1532 1535 1532 1534 1533 1536 1533 1535 1533 1535 1534 1536 1534 1537 1534 1536 1535 1538 1535 1537 1535 1537 1536 1538 1536 1539 1536 1538 1537 1540 1537 1539 1537 1539 1538 1540 1538 1541 1538 1540 1539 1542 1539 1541 1539 1541 1540 1542 1540 1543 1540 1542 1541 1544 1541 1543 1541 1543 1542 1544 1542 1545 1542 1544 1543 1546 1543 1545 1543 1545 1544 1546 1544 1547 1544 1546 1545 1548 1545 1547 1545 1547 1546 1548 1546 1549 1546 1548 1547 1550 1547 1549 1547 1549 1548 1550 1548 1551 1548 1550 1549 1552 1549 1551 1549 1551 1550 1552 1550 1553 1550 1552 1551 1554 1551 1553 1551 1553 1552 1554 1552 1555 1552 1554 1553 1556 1553 1555 1553 1555 1554 1556 1554 1557 1554 1556 1555 1558 1555 1557 1555 1557 1556 1558 1556 1559 1556 1558 1557 1560 1557 1559 1557 1559 1558 1560 1558 1561 1558 1560 1559 1562 1559 1561 1559 1561 1560 1562 1560 1563 1560 1562 1561 1564 1561 1563 1561 1563 1562 1564 1562 1565 1562 1564 1563 1566 1563 1565 1563 1565 1564 1566 1564 1567 1564 1566 1565 1568 1565 1567 1565 1567 1566 1568 1566 1569 1566 1568 1567 1570 1567 1569 1567 1569 1568 1570 1568 1571 1568 1570 1569 1572 1569 1571 1569 1571 1570 1572 1570 1573 1570 1572 1571 1574 1571 1573 1571 1573 1572 1574 1572 1575 1572 1574 1573 1576 1573 1575 1573 1575 1574 1576 1574 1577 1574 1576 1575 1578 1575 1577 1575 1577 1576 1578 1576 1579 1576 1578 1577 1580 1577 1579 1577 1579 1578 1580 1578 1581 1578 1580 1579 1582 1579 1581 1579 1581 1580 1582 1580 1583 1580 1582 1581 1584 1581 1583 1581 1583 1582 1584 1582 1297 1582 1584 1583 1298 1583 1297 1583 1313 1584 1315 1584 1585 1584 1586 1585 1587 1585 1588 1585 1589 1586 1590 1586 1591 1586 1592 1587 1593 1587 1594 1587 1595 1588 1596 1588 1597 1588 1598 1589 1599 1589 1600 1589 1601 1590 1602 1590 1603 1590 1602 1591 1604 1591 1603 1591 1603 1592 1604 1592 1605 1592 1604 1593 1606 1593 1605 1593 1606 1594 1607 1594 1605 1594 1605 1595 1607 1595 1608 1595 1600 1596 1595 1596 1598 1596 1595 1597 1597 1597 1598 1597 1598 1598 1597 1598 1609 1598 1597 1599 1610 1599 1609 1599 1609 1600 1610 1600 1585 1600 1610 1601 1611 1601 1585 1601 1585 1602 1611 1602 1603 1602 1611 1603 1612 1603 1603 1603 1603 1604 1612 1604 1601 1604 1613 1605 1614 1605 1615 1605 1616 1606 1617 1606 1593 1606 1616 1607 1593 1607 1613 1607 1593 1608 1592 1608 1613 1608 1613 1609 1592 1609 1614 1609 1618 1610 1619 1610 1620 1610 1621 1611 1600 1611 1608 1611 1600 1612 1599 1612 1608 1612 1608 1613 1599 1613 1605 1613 1599 1614 1622 1614 1605 1614 1622 1615 1599 1615 1620 1615 1599 1616 1623 1616 1620 1616 1620 1617 1623 1617 1618 1617 1624 1618 1625 1618 1626 1618 1625 1619 1627 1619 1626 1619 1615 1620 1626 1620 1628 1620 1626 1621 1627 1621 1628 1621 1628 1622 1627 1622 1623 1622 1627 1623 1629 1623 1623 1623 1623 1624 1629 1624 1618 1624 1630 1625 1631 1625 1632 1625 1633 1626 1634 1626 1635 1626 1634 1627 1636 1627 1635 1627 1635 1628 1636 1628 1637 1628 1638 1629 1639 1629 1640 1629 1637 1630 1636 1630 1640 1630 1636 1631 1641 1631 1640 1631 1640 1632 1641 1632 1638 1632 1642 1633 1643 1633 1644 1633 1643 1634 1645 1634 1644 1634 1644 1635 1645 1635 1646 1635 1644 1636 1647 1636 1648 1636 1646 1637 1649 1637 1644 1637 1649 1638 1650 1638 1644 1638 1644 1639 1650 1639 1647 1639 1639 1640 1651 1640 1640 1640 1651 1641 1644 1641 1640 1641 1640 1642 1644 1642 1652 1642 1644 1643 1648 1643 1652 1643 1653 1644 1654 1644 1655 1644 1654 1645 1656 1645 1655 1645 1657 1646 1658 1646 1659 1646 1658 1647 1660 1647 1659 1647 1659 1648 1660 1648 1661 1648 1660 1649 1662 1649 1661 1649 1661 1650 1662 1650 1663 1650 1662 1651 1664 1651 1663 1651 1663 1652 1664 1652 1665 1652 1664 1653 1666 1653 1665 1653 1665 1654 1666 1654 1667 1654 1666 1655 1668 1655 1667 1655 1667 1656 1668 1656 1669 1656 1668 1657 1670 1657 1669 1657 1669 1658 1670 1658 1671 1658 1670 1659 1672 1659 1671 1659 1671 1660 1672 1660 1673 1660 1672 1661 1674 1661 1673 1661 1673 1662 1674 1662 1675 1662 1674 1663 1676 1663 1675 1663 1675 1664 1676 1664 1677 1664 1676 1665 1678 1665 1677 1665 1677 1666 1678 1666 1679 1666 1678 1667 1680 1667 1679 1667 1680 1668 1681 1668 1679 1668 1679 1669 1681 1669 1682 1669 1681 1670 1683 1670 1682 1670 1682 1671 1683 1671 1684 1671 1683 1672 1685 1672 1684 1672 1684 1673 1685 1673 1686 1673 1685 1674 1687 1674 1686 1674 1686 1675 1687 1675 1688 1675 1687 1676 1689 1676 1688 1676 1688 1677 1689 1677 1690 1677 1689 1678 1691 1678 1690 1678 1690 1679 1691 1679 1692 1679 1691 1680 1693 1680 1692 1680 1692 1681 1693 1681 1694 1681 1693 1682 1695 1682 1694 1682 1694 1683 1695 1683 1696 1683 1695 1684 1697 1684 1696 1684 1696 1685 1697 1685 1698 1685 1697 1686 1699 1686 1698 1686 1698 1687 1699 1687 1656 1687 1699 1688 1700 1688 1656 1688 1656 1689 1700 1689 1655 1689 1701 1690 1702 1690 1703 1690 1702 1691 1704 1691 1703 1691 1703 1692 1704 1692 1705 1692 1704 1693 1706 1693 1705 1693 1705 1694 1706 1694 1707 1694 1708 1695 1709 1695 1701 1695 1709 1696 1710 1696 1701 1696 1710 1697 1711 1697 1701 1697 1711 1698 1712 1698 1701 1698 1701 1699 1712 1699 1702 1699 1713 1700 1714 1700 1715 1700 1714 1701 1716 1701 1715 1701 1715 1702 1716 1702 1701 1702 1716 1703 1717 1703 1701 1703 1701 1704 1717 1704 1708 1704 1718 1705 1715 1705 1719 1705 1715 1706 1720 1706 1719 1706 1719 1707 1720 1707 1721 1707 1718 1708 1722 1708 1715 1708 1722 1709 1723 1709 1715 1709 1715 1710 1723 1710 1724 1710 1724 1711 1725 1711 1715 1711 1725 1712 1726 1712 1715 1712 1715 1713 1726 1713 1713 1713 1727 1714 1630 1714 1728 1714 1630 1715 1729 1715 1728 1715 1728 1716 1729 1716 1730 1716 1729 1717 1731 1717 1730 1717 1720 1718 1732 1718 1733 1718 1733 1719 1734 1719 1720 1719 1734 1720 1735 1720 1720 1720 1720 1721 1735 1721 1721 1721 1736 1722 1737 1722 1738 1722 1739 1723 1740 1723 1741 1723 1740 1724 1742 1724 1741 1724 1742 1725 1743 1725 1741 1725 1741 1726 1743 1726 1744 1726 621 1727 623 1727 1657 1727 575 1728 577 1728 1657 1728 577 1729 579 1729 1657 1729 1657 1730 579 1730 581 1730 611 1731 613 1731 1657 1731 613 1732 615 1732 1657 1732 581 1733 583 1733 1657 1733 583 1734 585 1734 1657 1734 1657 1735 585 1735 587 1735 615 1736 617 1736 1657 1736 617 1737 619 1737 1657 1737 1657 1738 619 1738 621 1738 587 1739 589 1739 1657 1739 589 1740 591 1740 1657 1740 1657 1741 591 1741 593 1741 593 1742 595 1742 1657 1742 595 1743 597 1743 1657 1743 1657 1744 597 1744 599 1744 599 1745 601 1745 1657 1745 601 1746 603 1746 1657 1746 1657 1747 603 1747 605 1747 605 1748 607 1748 1657 1748 607 1749 609 1749 1657 1749 1657 1750 609 1750 611 1750 1745 1751 461 1751 1746 1751 461 1752 463 1752 1746 1752 1746 1753 463 1753 465 1753 465 1754 467 1754 1746 1754 467 1755 469 1755 1746 1755 1746 1756 469 1756 471 1756 565 1757 567 1757 1659 1757 643 1758 645 1758 1657 1758 1747 1759 709 1759 711 1759 711 1760 713 1760 1747 1760 713 1761 715 1761 1747 1761 1747 1762 715 1762 717 1762 483 1763 1748 1763 481 1763 1748 1764 479 1764 481 1764 565 1765 1659 1765 563 1765 1657 1766 629 1766 631 1766 657 1767 1741 1767 655 1767 1741 1768 653 1768 655 1768 1739 1769 1741 1769 1747 1769 1741 1770 707 1770 1747 1770 1747 1771 707 1771 709 1771 717 1772 719 1772 1747 1772 719 1773 433 1773 1747 1773 1747 1774 433 1774 435 1774 471 1775 473 1775 1746 1775 473 1776 475 1776 1746 1776 1746 1777 475 1777 1748 1777 475 1778 477 1778 1748 1778 1748 1779 477 1779 479 1779 567 1780 569 1780 1659 1780 569 1781 571 1781 1659 1781 1659 1782 571 1782 1657 1782 571 1783 573 1783 1657 1783 1657 1784 573 1784 575 1784 623 1785 625 1785 1657 1785 625 1786 627 1786 1657 1786 1657 1787 627 1787 629 1787 701 1788 703 1788 1741 1788 703 1789 705 1789 1741 1789 1741 1790 705 1790 707 1790 435 1791 437 1791 1747 1791 437 1792 439 1792 1747 1792 1747 1793 439 1793 1749 1793 631 1794 633 1794 1657 1794 633 1795 635 1795 1657 1795 1657 1796 635 1796 637 1796 645 1797 647 1797 1657 1797 647 1798 649 1798 1657 1798 1657 1799 649 1799 1741 1799 649 1800 651 1800 1741 1800 1741 1801 651 1801 653 1801 439 1802 441 1802 1749 1802 441 1803 443 1803 1749 1803 1749 1804 443 1804 445 1804 453 1805 455 1805 1745 1805 491 1806 493 1806 1750 1806 1751 1807 517 1807 1752 1807 517 1808 519 1808 1752 1808 533 1809 535 1809 1659 1809 637 1810 639 1810 1657 1810 639 1811 641 1811 1657 1811 1657 1812 641 1812 643 1812 669 1813 671 1813 1741 1813 671 1814 673 1814 1741 1814 1741 1815 673 1815 675 1815 455 1816 457 1816 1745 1816 457 1817 459 1817 1745 1817 1745 1818 459 1818 461 1818 483 1819 485 1819 1748 1819 485 1820 487 1820 1748 1820 1748 1821 487 1821 1750 1821 487 1822 489 1822 1750 1822 1750 1823 489 1823 491 1823 545 1824 1659 1824 543 1824 1659 1825 541 1825 543 1825 1741 1826 687 1826 689 1826 689 1827 691 1827 1741 1827 691 1828 693 1828 1741 1828 1741 1829 693 1829 695 1829 535 1830 537 1830 1659 1830 537 1831 539 1831 1659 1831 1659 1832 539 1832 541 1832 663 1833 665 1833 1741 1833 665 1834 667 1834 1741 1834 1741 1835 667 1835 669 1835 675 1836 677 1836 1741 1836 677 1837 679 1837 1741 1837 1741 1838 679 1838 681 1838 681 1839 683 1839 1741 1839 683 1840 685 1840 1741 1840 1741 1841 685 1841 687 1841 695 1842 697 1842 1741 1842 697 1843 699 1843 1741 1843 1741 1844 699 1844 701 1844 445 1845 447 1845 1749 1845 447 1846 449 1846 1749 1846 1749 1847 449 1847 1745 1847 449 1848 451 1848 1745 1848 1745 1849 451 1849 453 1849 493 1850 495 1850 1750 1850 495 1851 497 1851 1750 1851 1750 1852 497 1852 1753 1852 497 1853 499 1853 1753 1853 1753 1854 499 1854 501 1854 509 1855 511 1855 1754 1855 511 1856 513 1856 1754 1856 1754 1857 513 1857 1751 1857 513 1858 515 1858 1751 1858 1751 1859 515 1859 517 1859 545 1860 547 1860 1659 1860 547 1861 549 1861 1659 1861 1659 1862 549 1862 551 1862 657 1863 659 1863 1741 1863 659 1864 661 1864 1741 1864 1741 1865 661 1865 663 1865 551 1866 553 1866 1659 1866 553 1867 555 1867 1659 1867 1659 1868 555 1868 557 1868 557 1869 559 1869 1659 1869 559 1870 561 1870 1659 1870 1659 1871 561 1871 563 1871 501 1872 503 1872 1753 1872 503 1873 505 1873 1753 1873 1753 1874 505 1874 1754 1874 505 1875 507 1875 1754 1875 1754 1876 507 1876 509 1876 519 1877 521 1877 1752 1877 521 1878 523 1878 1752 1878 1752 1879 523 1879 1755 1879 523 1880 525 1880 1755 1880 525 1881 527 1881 1755 1881 1755 1882 527 1882 1756 1882 527 1883 529 1883 1756 1883 1756 1884 529 1884 1659 1884 529 1885 531 1885 1659 1885 1659 1886 531 1886 533 1886 995 1887 997 1887 1654 1887 997 1888 999 1888 1654 1888 1654 1889 999 1889 1001 1889 1001 1890 1003 1890 1654 1890 1003 1891 1005 1891 1654 1891 1654 1892 1005 1892 1007 1892 1757 1893 991 1893 1654 1893 991 1894 993 1894 1654 1894 1654 1895 993 1895 995 1895 1007 1896 721 1896 1654 1896 721 1897 723 1897 1654 1897 1654 1898 723 1898 1656 1898 723 1899 725 1899 1656 1899 1656 1900 725 1900 727 1900 727 1901 729 1901 1656 1901 729 1902 731 1902 1656 1902 1656 1903 731 1903 733 1903 733 1904 735 1904 1656 1904 735 1905 737 1905 1656 1905 1656 1906 737 1906 1758 1906 761 1907 763 1907 1758 1907 755 1908 757 1908 1758 1908 757 1909 759 1909 1758 1909 1758 1910 759 1910 761 1910 763 1911 765 1911 1758 1911 765 1912 767 1912 1758 1912 1758 1913 767 1913 769 1913 737 1914 739 1914 1758 1914 739 1915 741 1915 1758 1915 1758 1916 741 1916 743 1916 743 1917 745 1917 1758 1917 745 1918 747 1918 1758 1918 1758 1919 747 1919 749 1919 1759 1920 783 1920 1760 1920 783 1921 785 1921 1760 1921 1760 1922 785 1922 787 1922 1761 1923 803 1923 805 1923 1762 1924 833 1924 835 1924 749 1925 751 1925 1758 1925 751 1926 753 1926 1758 1926 1758 1927 753 1927 755 1927 769 1928 771 1928 1758 1928 771 1929 773 1929 1758 1929 1758 1930 773 1930 1763 1930 773 1931 775 1931 1763 1931 775 1932 777 1932 1763 1932 777 1933 779 1933 1763 1933 1763 1934 779 1934 1759 1934 779 1935 781 1935 1759 1935 1759 1936 781 1936 783 1936 825 1937 827 1937 1762 1937 795 1938 797 1938 1764 1938 797 1939 799 1939 1764 1939 1764 1940 799 1940 1761 1940 799 1941 801 1941 1761 1941 1761 1942 801 1942 803 1942 813 1943 815 1943 1765 1943 815 1944 817 1944 1765 1944 827 1945 829 1945 1762 1945 829 1946 831 1946 1762 1946 1762 1947 831 1947 833 1947 787 1948 789 1948 1760 1948 789 1949 791 1949 1760 1949 1760 1950 791 1950 1764 1950 791 1951 793 1951 1764 1951 1764 1952 793 1952 795 1952 805 1953 807 1953 1761 1953 807 1954 809 1954 1761 1954 1761 1955 809 1955 1765 1955 809 1956 811 1956 1765 1956 1765 1957 811 1957 813 1957 817 1958 819 1958 1765 1958 819 1959 821 1959 1765 1959 1765 1960 821 1960 1762 1960 821 1961 823 1961 1762 1961 1762 1962 823 1962 825 1962 881 1963 883 1963 1590 1963 883 1964 885 1964 1590 1964 1590 1965 885 1965 887 1965 1590 1966 873 1966 875 1966 875 1967 877 1967 1590 1967 877 1968 879 1968 1590 1968 1590 1969 879 1969 881 1969 1766 1970 843 1970 845 1970 1766 1971 851 1971 853 1971 853 1972 855 1972 1766 1972 855 1973 857 1973 1766 1973 1766 1974 857 1974 859 1974 835 1975 837 1975 1762 1975 837 1976 839 1976 1762 1976 1762 1977 839 1977 1766 1977 839 1978 841 1978 1766 1978 1766 1979 841 1979 843 1979 845 1980 847 1980 1766 1980 847 1981 849 1981 1766 1981 1766 1982 849 1982 851 1982 859 1983 861 1983 1766 1983 861 1984 863 1984 1766 1984 1766 1985 863 1985 865 1985 865 1986 867 1986 1766 1986 867 1987 869 1987 1766 1987 1766 1988 869 1988 1590 1988 869 1989 871 1989 1590 1989 1590 1990 871 1990 873 1990 1589 1991 1767 1991 1590 1991 1767 1992 1768 1992 1590 1992 1590 1993 1768 1993 1769 1993 1769 1994 1770 1994 1590 1994 1770 1995 1771 1995 1590 1995 1590 1996 1771 1996 1766 1996 1772 1997 1773 1997 1774 1997 1774 1998 1775 1998 1772 1998 1775 1999 1776 1999 1772 1999 1772 2000 1776 2000 1777 2000 1777 2001 1778 2001 1772 2001 1778 2002 1779 2002 1772 2002 1772 2003 1779 2003 1591 2003 1779 2004 1780 2004 1591 2004 1591 2005 1780 2005 1589 2005 1035 2006 1037 2006 1772 2006 1037 2007 1039 2007 1772 2007 1781 2008 1291 2008 1293 2008 1137 2009 1139 2009 1782 2009 1139 2010 1141 2010 1782 2010 1141 2011 1143 2011 1782 2011 1143 2012 1145 2012 1782 2012 1782 2013 1145 2013 1783 2013 1145 2014 1147 2014 1783 2014 1023 2015 1772 2015 1021 2015 1772 2016 1019 2016 1021 2016 1147 2017 1149 2017 1783 2017 1149 2018 1151 2018 1783 2018 1783 2019 1151 2019 1153 2019 1153 2020 1155 2020 1783 2020 1155 2021 1157 2021 1783 2021 1783 2022 1157 2022 1784 2022 1293 2023 1295 2023 1781 2023 1295 2024 1009 2024 1781 2024 1781 2025 1009 2025 1011 2025 1011 2026 1013 2026 1781 2026 1013 2027 1015 2027 1781 2027 1781 2028 1015 2028 1772 2028 1015 2029 1017 2029 1772 2029 1772 2030 1017 2030 1019 2030 1023 2031 1025 2031 1772 2031 1025 2032 1027 2032 1772 2032 1772 2033 1027 2033 1029 2033 1029 2034 1031 2034 1772 2034 1031 2035 1033 2035 1772 2035 1772 2036 1033 2036 1035 2036 1113 2037 1115 2037 1773 2037 1115 2038 1117 2038 1773 2038 1773 2039 1117 2039 1119 2039 1785 2040 1127 2040 1129 2040 1129 2041 1131 2041 1785 2041 1131 2042 1133 2042 1785 2042 1785 2043 1133 2043 1782 2043 1133 2044 1135 2044 1782 2044 1782 2045 1135 2045 1137 2045 1039 2046 1041 2046 1772 2046 1041 2047 1043 2047 1772 2047 1772 2048 1043 2048 1045 2048 1051 2049 1053 2049 1772 2049 1053 2050 1055 2050 1772 2050 1772 2051 1055 2051 1057 2051 1119 2052 1121 2052 1773 2052 1121 2053 1123 2053 1773 2053 1773 2054 1123 2054 1785 2054 1123 2055 1125 2055 1785 2055 1785 2056 1125 2056 1127 2056 1057 2057 1059 2057 1772 2057 1059 2058 1061 2058 1772 2058 1772 2059 1061 2059 1063 2059 1045 2060 1047 2060 1772 2060 1047 2061 1049 2061 1772 2061 1772 2062 1049 2062 1051 2062 1772 2063 1075 2063 1077 2063 1085 2064 1087 2064 1773 2064 1087 2065 1089 2065 1773 2065 1101 2066 1103 2066 1773 2066 1103 2067 1105 2067 1773 2067 1773 2068 1105 2068 1107 2068 1107 2069 1109 2069 1773 2069 1109 2070 1111 2070 1773 2070 1773 2071 1111 2071 1113 2071 1063 2072 1065 2072 1772 2072 1065 2073 1067 2073 1772 2073 1772 2074 1067 2074 1069 2074 1089 2075 1091 2075 1773 2075 1091 2076 1093 2076 1773 2076 1773 2077 1093 2077 1095 2077 1095 2078 1097 2078 1773 2078 1097 2079 1099 2079 1773 2079 1773 2080 1099 2080 1101 2080 1069 2081 1071 2081 1772 2081 1071 2082 1073 2082 1772 2082 1772 2083 1073 2083 1075 2083 1077 2084 1079 2084 1772 2084 1079 2085 1081 2085 1772 2085 1772 2086 1081 2086 1773 2086 1081 2087 1083 2087 1773 2087 1773 2088 1083 2088 1085 2088 1784 2089 1169 2089 1171 2089 1175 2090 1177 2090 1786 2090 1157 2091 1159 2091 1784 2091 1159 2092 1161 2092 1784 2092 1784 2093 1161 2093 1163 2093 1784 2094 1171 2094 1786 2094 1171 2095 1173 2095 1786 2095 1786 2096 1173 2096 1175 2096 1285 2097 1287 2097 1781 2097 1287 2098 1289 2098 1781 2098 1781 2099 1289 2099 1291 2099 1163 2100 1165 2100 1784 2100 1165 2101 1167 2101 1784 2101 1784 2102 1167 2102 1169 2102 1277 2103 1279 2103 1787 2103 1279 2104 1281 2104 1787 2104 1787 2105 1281 2105 1781 2105 1281 2106 1283 2106 1781 2106 1781 2107 1283 2107 1285 2107 1271 2108 1273 2108 1787 2108 1273 2109 1275 2109 1787 2109 1787 2110 1275 2110 1277 2110 1177 2111 1179 2111 1786 2111 1179 2112 1181 2112 1786 2112 1786 2113 1181 2113 1788 2113 1181 2114 1183 2114 1788 2114 1788 2115 1183 2115 1185 2115 1241 2116 1243 2116 1787 2116 1261 2117 1263 2117 1787 2117 1263 2118 1265 2118 1787 2118 1185 2119 1187 2119 1788 2119 1187 2120 1189 2120 1788 2120 1788 2121 1189 2121 1191 2121 1241 2122 1787 2122 1239 2122 1265 2123 1267 2123 1787 2123 1267 2124 1269 2124 1787 2124 1787 2125 1269 2125 1271 2125 1191 2126 1193 2126 1788 2126 1193 2127 1195 2127 1788 2127 1788 2128 1195 2128 1197 2128 1243 2129 1245 2129 1787 2129 1245 2130 1247 2130 1787 2130 1787 2131 1247 2131 1249 2131 1249 2132 1251 2132 1787 2132 1251 2133 1253 2133 1787 2133 1787 2134 1253 2134 1255 2134 1197 2135 1199 2135 1788 2135 1199 2136 1201 2136 1788 2136 1788 2137 1201 2137 1203 2137 1203 2138 1205 2138 1788 2138 1205 2139 1207 2139 1788 2139 1788 2140 1207 2140 1209 2140 1209 2141 1211 2141 1788 2141 1211 2142 1213 2142 1788 2142 1788 2143 1213 2143 1215 2143 1223 2144 1225 2144 1787 2144 1787 2145 1231 2145 1233 2145 1255 2146 1257 2146 1787 2146 1257 2147 1259 2147 1787 2147 1787 2148 1259 2148 1261 2148 1215 2149 1217 2149 1788 2149 1217 2150 1219 2150 1788 2150 1788 2151 1219 2151 1221 2151 1233 2152 1235 2152 1787 2152 1235 2153 1237 2153 1787 2153 1787 2154 1237 2154 1239 2154 1225 2155 1227 2155 1787 2155 1227 2156 1229 2156 1787 2156 1787 2157 1229 2157 1231 2157 1789 2158 1787 2158 1790 2158 1787 2159 1791 2159 1790 2159 1789 2160 1792 2160 1787 2160 1792 2161 1793 2161 1787 2161 1787 2162 1793 2162 1794 2162 1221 2163 1223 2163 1788 2163 1223 2164 1787 2164 1788 2164 1788 2165 1787 2165 1795 2165 1787 2166 1794 2166 1795 2166 1796 2167 1791 2167 1797 2167 1791 2168 1798 2168 1797 2168 1796 2169 1799 2169 1791 2169 1799 2170 1800 2170 1791 2170 1791 2171 1800 2171 1801 2171 1801 2172 1802 2172 1791 2172 1802 2173 1803 2173 1791 2173 1791 2174 1803 2174 1790 2174 1467 2175 1804 2175 1465 2175 1804 2176 1798 2176 1465 2176 1465 2177 1798 2177 1463 2177 1447 2178 1449 2178 1798 2178 1449 2179 1451 2179 1798 2179 1451 2180 1453 2180 1798 2180 1453 2181 1455 2181 1798 2181 1798 2182 1455 2182 1457 2182 1457 2183 1459 2183 1798 2183 1459 2184 1461 2184 1798 2184 1798 2185 1461 2185 1463 2185 1431 2186 1791 2186 1429 2186 1791 2187 1427 2187 1429 2187 1439 2188 1441 2188 1798 2188 1415 2189 1417 2189 1791 2189 1417 2190 1419 2190 1791 2190 1791 2191 1419 2191 1421 2191 1421 2192 1423 2192 1791 2192 1423 2193 1425 2193 1791 2193 1791 2194 1425 2194 1427 2194 1431 2195 1433 2195 1791 2195 1433 2196 1435 2196 1791 2196 1791 2197 1435 2197 1798 2197 1435 2198 1437 2198 1798 2198 1798 2199 1437 2199 1439 2199 1441 2200 1443 2200 1798 2200 1443 2201 1445 2201 1798 2201 1798 2202 1445 2202 1447 2202 1467 2203 1469 2203 1804 2203 1469 2204 1471 2204 1804 2204 1804 2205 1471 2205 1473 2205 1473 2206 1475 2206 1804 2206 1475 2207 1477 2207 1804 2207 1804 2208 1477 2208 1479 2208 1535 2209 1537 2209 1805 2209 1537 2210 1539 2210 1805 2210 1545 2211 1547 2211 1805 2211 1547 2212 1549 2212 1805 2212 1805 2213 1549 2213 1551 2213 1539 2214 1541 2214 1805 2214 1541 2215 1543 2215 1805 2215 1805 2216 1543 2216 1545 2216 1551 2217 1553 2217 1805 2217 1553 2218 1555 2218 1805 2218 1805 2219 1555 2219 1557 2219 1519 2220 1521 2220 1805 2220 1557 2221 1559 2221 1805 2221 1559 2222 1561 2222 1805 2222 1805 2223 1561 2223 1563 2223 1485 2224 1806 2224 1483 2224 1806 2225 1804 2225 1483 2225 1483 2226 1804 2226 1481 2226 1804 2227 1479 2227 1481 2227 1485 2228 1487 2228 1806 2228 1487 2229 1489 2229 1806 2229 1806 2230 1489 2230 1491 2230 1499 2231 1501 2231 1807 2231 1501 2232 1503 2232 1807 2232 1807 2233 1503 2233 1505 2233 1805 2234 1527 2234 1529 2234 1491 2235 1493 2235 1806 2235 1493 2236 1495 2236 1806 2236 1806 2237 1495 2237 1807 2237 1495 2238 1497 2238 1807 2238 1807 2239 1497 2239 1499 2239 1505 2240 1507 2240 1807 2240 1507 2241 1509 2241 1807 2241 1807 2242 1509 2242 1511 2242 1521 2243 1523 2243 1805 2243 1523 2244 1525 2244 1805 2244 1805 2245 1525 2245 1527 2245 1529 2246 1531 2246 1805 2246 1531 2247 1533 2247 1805 2247 1805 2248 1533 2248 1535 2248 1511 2249 1513 2249 1807 2249 1513 2250 1515 2250 1807 2250 1807 2251 1515 2251 1805 2251 1515 2252 1517 2252 1805 2252 1805 2253 1517 2253 1519 2253 1805 2254 1808 2254 1809 2254 1809 2255 1810 2255 1805 2255 1810 2256 1811 2256 1805 2256 1805 2257 1811 2257 1807 2257 1808 2258 1805 2258 1812 2258 1805 2259 1588 2259 1812 2259 1812 2260 1588 2260 1813 2260 1813 2261 1588 2261 1814 2261 1588 2262 1587 2262 1814 2262 1814 2263 1587 2263 1815 2263 1587 2264 1816 2264 1815 2264 1815 2265 1816 2265 1817 2265 1816 2266 1818 2266 1817 2266 1817 2267 1818 2267 1819 2267 1818 2268 1820 2268 1819 2268 1819 2269 1820 2269 1821 2269 1820 2270 1822 2270 1821 2270 1821 2271 1822 2271 1823 2271 1822 2272 1824 2272 1823 2272 1823 2273 1824 2273 1825 2273 1824 2274 1826 2274 1825 2274 1825 2275 1826 2275 1827 2275 1826 2276 1828 2276 1827 2276 1827 2277 1828 2277 1829 2277 1828 2278 1830 2278 1829 2278 1829 2279 1830 2279 1831 2279 1832 2280 1833 2280 1834 2280 1833 2281 1835 2281 1834 2281 1834 2282 1835 2282 1836 2282 1830 2283 1837 2283 1831 2283 1837 2284 1838 2284 1831 2284 1831 2285 1838 2285 1839 2285 1838 2286 1840 2286 1839 2286 1839 2287 1840 2287 1841 2287 1840 2288 1842 2288 1841 2288 1841 2289 1842 2289 1843 2289 1842 2290 1844 2290 1843 2290 1843 2291 1844 2291 1845 2291 1844 2292 1846 2292 1845 2292 1845 2293 1846 2293 1847 2293 1846 2294 1848 2294 1847 2294 1847 2295 1848 2295 1849 2295 1848 2296 1850 2296 1849 2296 1849 2297 1850 2297 1851 2297 1850 2298 1852 2298 1851 2298 1851 2299 1852 2299 1853 2299 1852 2300 1854 2300 1853 2300 1853 2301 1854 2301 1855 2301 1854 2302 1856 2302 1855 2302 1855 2303 1856 2303 1857 2303 1856 2304 1834 2304 1857 2304 1857 2305 1834 2305 1858 2305 1834 2306 1836 2306 1858 2306 419 2307 421 2307 1859 2307 175 2308 177 2308 1705 2308 175 2309 1705 2309 173 2309 279 2310 281 2310 1703 2310 281 2311 283 2311 1703 2311 291 2312 293 2312 1834 2312 293 2313 295 2313 1834 2313 1834 2314 295 2314 297 2314 1834 2315 333 2315 335 2315 273 2316 1703 2316 271 2316 1703 2317 269 2317 271 2317 273 2318 275 2318 1703 2318 275 2319 277 2319 1703 2319 1703 2320 277 2320 279 2320 283 2321 285 2321 1703 2321 285 2322 287 2322 1703 2322 1703 2323 287 2323 1834 2323 287 2324 289 2324 1834 2324 1834 2325 289 2325 291 2325 297 2326 299 2326 1834 2326 299 2327 301 2327 1834 2327 1834 2328 301 2328 303 2328 323 2329 325 2329 1834 2329 325 2330 327 2330 1834 2330 335 2331 337 2331 1834 2331 337 2332 339 2332 1834 2332 1834 2333 339 2333 341 2333 349 2334 351 2334 1832 2334 393 2335 395 2335 1860 2335 395 2336 397 2336 1860 2336 1860 2337 397 2337 399 2337 409 2338 411 2338 1861 2338 163 2339 165 2339 1705 2339 165 2340 167 2340 1705 2340 253 2341 255 2341 1703 2341 255 2342 257 2342 1703 2342 1834 2343 315 2343 317 2343 327 2344 329 2344 1834 2344 329 2345 331 2345 1834 2345 1834 2346 331 2346 333 2346 341 2347 343 2347 1834 2347 343 2348 345 2348 1834 2348 1834 2349 345 2349 1832 2349 345 2350 347 2350 1832 2350 1832 2351 347 2351 349 2351 409 2352 1861 2352 407 2352 411 2353 413 2353 1861 2353 413 2354 415 2354 1861 2354 1861 2355 415 2355 1859 2355 415 2356 417 2356 1859 2356 1859 2357 417 2357 419 2357 421 2358 423 2358 1859 2358 423 2359 425 2359 1859 2359 1859 2360 425 2360 1862 2360 167 2361 169 2361 1705 2361 169 2362 171 2362 1705 2362 1705 2363 171 2363 173 2363 177 2364 179 2364 1705 2364 179 2365 181 2365 1705 2365 1705 2366 181 2366 183 2366 211 2367 213 2367 1705 2367 257 2368 259 2368 1703 2368 259 2369 261 2369 1703 2369 1703 2370 261 2370 263 2370 263 2371 265 2371 1703 2371 265 2372 267 2372 1703 2372 1703 2373 267 2373 269 2373 303 2374 305 2374 1834 2374 305 2375 307 2375 1834 2375 1834 2376 307 2376 309 2376 309 2377 311 2377 1834 2377 311 2378 313 2378 1834 2378 1834 2379 313 2379 315 2379 317 2380 319 2380 1834 2380 319 2381 321 2381 1834 2381 1834 2382 321 2382 323 2382 383 2383 385 2383 1863 2383 399 2384 401 2384 1860 2384 401 2385 403 2385 1860 2385 1860 2386 403 2386 1861 2386 403 2387 405 2387 1861 2387 1861 2388 405 2388 407 2388 425 2389 427 2389 1862 2389 427 2390 429 2390 1862 2390 1862 2391 429 2391 431 2391 431 2392 145 2392 1862 2392 145 2393 147 2393 1862 2393 1862 2394 147 2394 149 2394 351 2395 353 2395 1832 2395 353 2396 355 2396 1832 2396 1832 2397 355 2397 357 2397 357 2398 359 2398 1832 2398 359 2399 361 2399 1832 2399 1832 2400 361 2400 363 2400 371 2401 373 2401 1864 2401 383 2402 1863 2402 381 2402 149 2403 151 2403 1862 2403 151 2404 153 2404 1862 2404 1862 2405 153 2405 155 2405 183 2406 185 2406 1705 2406 185 2407 187 2407 1705 2407 1705 2408 187 2408 189 2408 189 2409 191 2409 1705 2409 191 2410 193 2410 1705 2410 1705 2411 193 2411 195 2411 221 2412 223 2412 1703 2412 223 2413 225 2413 1703 2413 1703 2414 225 2414 227 2414 227 2415 229 2415 1703 2415 229 2416 231 2416 1703 2416 1703 2417 231 2417 233 2417 363 2418 365 2418 1832 2418 365 2419 367 2419 1832 2419 1832 2420 367 2420 1864 2420 367 2421 369 2421 1864 2421 1864 2422 369 2422 371 2422 373 2423 375 2423 1864 2423 375 2424 377 2424 1864 2424 1864 2425 377 2425 1863 2425 377 2426 379 2426 1863 2426 1863 2427 379 2427 381 2427 155 2428 157 2428 1862 2428 157 2429 159 2429 1862 2429 1862 2430 159 2430 1705 2430 159 2431 161 2431 1705 2431 1705 2432 161 2432 163 2432 201 2433 203 2433 1705 2433 203 2434 205 2434 1705 2434 239 2435 241 2435 1703 2435 385 2436 387 2436 1863 2436 387 2437 389 2437 1863 2437 1863 2438 389 2438 1860 2438 389 2439 391 2439 1860 2439 1860 2440 391 2440 393 2440 195 2441 197 2441 1705 2441 197 2442 199 2442 1705 2442 1705 2443 199 2443 201 2443 205 2444 207 2444 1705 2444 207 2445 209 2445 1705 2445 1705 2446 209 2446 211 2446 213 2447 215 2447 1705 2447 215 2448 217 2448 1705 2448 1705 2449 217 2449 1703 2449 217 2450 219 2450 1703 2450 1703 2451 219 2451 221 2451 247 2452 249 2452 1703 2452 249 2453 251 2453 1703 2453 1703 2454 251 2454 253 2454 241 2455 243 2455 1703 2455 243 2456 245 2456 1703 2456 1703 2457 245 2457 247 2457 233 2458 235 2458 1703 2458 235 2459 237 2459 1703 2459 1703 2460 237 2460 239 2460 1865 2461 1866 2461 1705 2461 1738 2462 1737 2462 1867 2462 1737 2463 1868 2463 1867 2463 1867 2464 1868 2464 1869 2464 1868 2465 1870 2465 1869 2465 1869 2466 1870 2466 1871 2466 1870 2467 1872 2467 1871 2467 1871 2468 1872 2468 1873 2468 1872 2469 1874 2469 1873 2469 1873 2470 1874 2470 1875 2470 1874 2471 1876 2471 1875 2471 1875 2472 1876 2472 1877 2472 1876 2473 1878 2473 1877 2473 1877 2474 1878 2474 1879 2474 1878 2475 1880 2475 1879 2475 1879 2476 1880 2476 1707 2476 1880 2477 1881 2477 1707 2477 1707 2478 1881 2478 1705 2478 1881 2479 1882 2479 1705 2479 1705 2480 1882 2480 1865 2480 1866 2481 1883 2481 1705 2481 1883 2482 1884 2482 1705 2482 1705 2483 1884 2483 1862 2483 1885 2484 1886 2484 1588 2484 1886 2485 1887 2485 1588 2485 1588 2486 1887 2486 1586 2486 1888 2487 1703 2487 1889 2487 1703 2488 1834 2488 1889 2488 1889 2489 1834 2489 1890 2489 1834 2490 1856 2490 1890 2490 1891 2491 1886 2491 1892 2491 1893 2492 1894 2492 1891 2492 1894 2493 1895 2493 1891 2493 1895 2494 1896 2494 1891 2494 1891 2495 1896 2495 1897 2495 1898 2496 1899 2496 1900 2496 1899 2497 1901 2497 1900 2497 1900 2498 1901 2498 1902 2498 1903 2499 1904 2499 1896 2499 1904 2500 1905 2500 1896 2500 1896 2501 1905 2501 1897 2501 1892 2502 1906 2502 1891 2502 1906 2503 1907 2503 1891 2503 1891 2504 1907 2504 1908 2504 1908 2505 1909 2505 1891 2505 1909 2506 1910 2506 1891 2506 1891 2507 1910 2507 1893 2507 1898 2508 1900 2508 1896 2508 1900 2509 1911 2509 1896 2509 1896 2510 1911 2510 1903 2510 1575 2511 1588 2511 1573 2511 1588 2512 1571 2512 1573 2512 1575 2513 1577 2513 1588 2513 1577 2514 1579 2514 1588 2514 1588 2515 1579 2515 1581 2515 1305 2516 1885 2516 1303 2516 1885 2517 1301 2517 1303 2517 1563 2518 1565 2518 1805 2518 1565 2519 1567 2519 1805 2519 1805 2520 1567 2520 1588 2520 1567 2521 1569 2521 1588 2521 1588 2522 1569 2522 1571 2522 1581 2523 1583 2523 1588 2523 1583 2524 1297 2524 1588 2524 1588 2525 1297 2525 1885 2525 1297 2526 1299 2526 1885 2526 1885 2527 1299 2527 1301 2527 1305 2528 1307 2528 1885 2528 1307 2529 1309 2529 1885 2529 1885 2530 1309 2530 1311 2530 1333 2531 1335 2531 1585 2531 1609 2532 1405 2532 1407 2532 1407 2533 1409 2533 1609 2533 1409 2534 1411 2534 1609 2534 1609 2535 1411 2535 1413 2535 1315 2536 1317 2536 1585 2536 1317 2537 1319 2537 1585 2537 1585 2538 1319 2538 1321 2538 1321 2539 1323 2539 1585 2539 1323 2540 1325 2540 1585 2540 1585 2541 1325 2541 1327 2541 1335 2542 1337 2542 1585 2542 1337 2543 1339 2543 1585 2543 1585 2544 1339 2544 1341 2544 1341 2545 1343 2545 1585 2545 1343 2546 1345 2546 1585 2546 1585 2547 1345 2547 1347 2547 1371 2548 1373 2548 1609 2548 1327 2549 1329 2549 1585 2549 1329 2550 1331 2550 1585 2550 1585 2551 1331 2551 1333 2551 1353 2552 1355 2552 1585 2552 1355 2553 1357 2553 1585 2553 1373 2554 1375 2554 1609 2554 1375 2555 1377 2555 1609 2555 1609 2556 1377 2556 1379 2556 1379 2557 1381 2557 1609 2557 1381 2558 1383 2558 1609 2558 1609 2559 1383 2559 1385 2559 1391 2560 1393 2560 1609 2560 1347 2561 1349 2561 1585 2561 1349 2562 1351 2562 1585 2562 1585 2563 1351 2563 1353 2563 1357 2564 1359 2564 1585 2564 1359 2565 1361 2565 1585 2565 1585 2566 1361 2566 1363 2566 1363 2567 1365 2567 1585 2567 1365 2568 1367 2568 1585 2568 1585 2569 1367 2569 1609 2569 1367 2570 1369 2570 1609 2570 1609 2571 1369 2571 1371 2571 1399 2572 1401 2572 1609 2572 1401 2573 1403 2573 1609 2573 1609 2574 1403 2574 1405 2574 1385 2575 1387 2575 1609 2575 1387 2576 1389 2576 1609 2576 1609 2577 1389 2577 1391 2577 1393 2578 1395 2578 1609 2578 1395 2579 1397 2579 1609 2579 1609 2580 1397 2580 1399 2580 889 2581 891 2581 1912 2581 891 2582 893 2582 1912 2582 899 2583 901 2583 1912 2583 901 2584 903 2584 1912 2584 893 2585 895 2585 1912 2585 895 2586 897 2586 1912 2586 1912 2587 897 2587 899 2587 943 2588 945 2588 1757 2588 971 2589 973 2589 1757 2589 945 2590 947 2590 1757 2590 947 2591 949 2591 1757 2591 1757 2592 949 2592 951 2592 971 2593 1757 2593 969 2593 979 2594 981 2594 1757 2594 981 2595 983 2595 1757 2595 1757 2596 983 2596 985 2596 903 2597 905 2597 1912 2597 905 2598 907 2598 1912 2598 1912 2599 907 2599 909 2599 915 2600 917 2600 1912 2600 917 2601 919 2601 1912 2601 931 2602 933 2602 1912 2602 933 2603 935 2603 1912 2603 937 2604 939 2604 1757 2604 939 2605 941 2605 1757 2605 1757 2606 941 2606 943 2606 951 2607 953 2607 1757 2607 953 2608 955 2608 1757 2608 1757 2609 955 2609 957 2609 957 2610 959 2610 1757 2610 959 2611 961 2611 1757 2611 1757 2612 961 2612 963 2612 973 2613 975 2613 1757 2613 975 2614 977 2614 1757 2614 1757 2615 977 2615 979 2615 985 2616 987 2616 1757 2616 987 2617 989 2617 1757 2617 1757 2618 989 2618 991 2618 909 2619 911 2619 1912 2619 911 2620 913 2620 1912 2620 1912 2621 913 2621 915 2621 919 2622 921 2622 1912 2622 921 2623 923 2623 1912 2623 1912 2624 923 2624 925 2624 925 2625 927 2625 1912 2625 927 2626 929 2626 1912 2626 1912 2627 929 2627 931 2627 963 2628 965 2628 1757 2628 965 2629 967 2629 1757 2629 1757 2630 967 2630 969 2630 1738 2631 1913 2631 1736 2631 1913 2632 1914 2632 1736 2632 1736 2633 1914 2633 1915 2633 1914 2634 1916 2634 1915 2634 1915 2635 1916 2635 1917 2635 1916 2636 1918 2636 1917 2636 1917 2637 1918 2637 1919 2637 1918 2638 1920 2638 1919 2638 1919 2639 1920 2639 1921 2639 1920 2640 1922 2640 1921 2640 1921 2641 1922 2641 1923 2641 1922 2642 1924 2642 1923 2642 1923 2643 1924 2643 1925 2643 1924 2644 1926 2644 1925 2644 1925 2645 1926 2645 1927 2645 1926 2646 1928 2646 1927 2646 1927 2647 1928 2647 1929 2647 1928 2648 1930 2648 1929 2648 1929 2649 1930 2649 1931 2649 1930 2650 1731 2650 1931 2650 1931 2651 1731 2651 1744 2651 1731 2652 1729 2652 1744 2652 1744 2653 1729 2653 1741 2653 1729 2654 1630 2654 1741 2654 1741 2655 1630 2655 1657 2655 1630 2656 1632 2656 1657 2656 1657 2657 1632 2657 1658 2657 1613 2658 1720 2658 1616 2658 1720 2659 1715 2659 1616 2659 1616 2660 1715 2660 1932 2660 1715 2661 1701 2661 1932 2661 1932 2662 1701 2662 1885 2662 1701 2663 1703 2663 1885 2663 1885 2664 1703 2664 1886 2664 1703 2665 1888 2665 1886 2665 1886 2666 1888 2666 1892 2666 1635 2667 1933 2667 1633 2667 1933 2668 1632 2668 1633 2668 1633 2669 1632 2669 1653 2669 1632 2670 1631 2670 1653 2670 1653 2671 1631 2671 1654 2671 1631 2672 1934 2672 1654 2672 1654 2673 1934 2673 1757 2673 1311 2674 1313 2674 1885 2674 1313 2675 1585 2675 1885 2675 1885 2676 1585 2676 1932 2676 1585 2677 1603 2677 1932 2677 1932 2678 1603 2678 1616 2678 1603 2679 1605 2679 1616 2679 1616 2680 1605 2680 1617 2680 1605 2681 1622 2681 1617 2681 1617 2682 1622 2682 1935 2682 935 2683 937 2683 1912 2683 937 2684 1757 2684 1912 2684 1912 2685 1757 2685 1628 2685 1757 2686 1934 2686 1628 2686 1628 2687 1934 2687 1615 2687 1934 2688 1631 2688 1615 2688 1615 2689 1631 2689 1613 2689 1631 2690 1630 2690 1613 2690 1613 2691 1630 2691 1720 2691 1630 2692 1727 2692 1720 2692 1720 2693 1727 2693 1732 2693 1413 2694 1415 2694 1609 2694 1415 2695 1791 2695 1609 2695 1609 2696 1791 2696 1598 2696 1791 2697 1787 2697 1598 2697 1598 2698 1787 2698 1599 2698 1787 2699 1781 2699 1599 2699 1599 2700 1781 2700 1623 2700 1781 2701 1772 2701 1623 2701 1623 2702 1772 2702 1628 2702 1772 2703 1591 2703 1628 2703 1628 2704 1591 2704 1912 2704 1591 2705 1590 2705 1912 2705 1912 2706 1590 2706 889 2706 1590 2707 887 2707 889 2707 1936 2708 1593 2708 1937 2708 1593 2709 1617 2709 1937 2709 1937 2710 1617 2710 1938 2710 1936 2711 1939 2711 1593 2711 1939 2712 1594 2712 1593 2712 1939 2713 1940 2713 1594 2713 1940 2714 1592 2714 1594 2714 1592 2715 1940 2715 1614 2715 1940 2716 1941 2716 1614 2716 1614 2717 1941 2717 1615 2717 1942 2718 1943 2718 1595 2718 1943 2719 1596 2719 1595 2719 1596 2720 1943 2720 1597 2720 1943 2721 1944 2721 1597 2721 1597 2722 1944 2722 1610 2722 1944 2723 1945 2723 1610 2723 1945 2724 1946 2724 1610 2724 1946 2725 1611 2725 1610 2725 1615 2726 1941 2726 1626 2726 1941 2727 1947 2727 1626 2727 1626 2728 1947 2728 1624 2728 1611 2729 1946 2729 1612 2729 1946 2730 1948 2730 1612 2730 1612 2731 1948 2731 1601 2731 1948 2732 1949 2732 1601 2732 1949 2733 1950 2733 1601 2733 1950 2734 1602 2734 1601 2734 1951 2735 1952 2735 1608 2735 1952 2736 1621 2736 1608 2736 1952 2737 1953 2737 1621 2737 1953 2738 1600 2738 1621 2738 1950 2739 1954 2739 1602 2739 1954 2740 1604 2740 1602 2740 1955 2741 1951 2741 1607 2741 1951 2742 1608 2742 1607 2742 1956 2743 1955 2743 1606 2743 1955 2744 1607 2744 1606 2744 1954 2745 1956 2745 1604 2745 1956 2746 1606 2746 1604 2746 1938 2747 1617 2747 1957 2747 1617 2748 1935 2748 1957 2748 1957 2749 1935 2749 1958 2749 1959 2750 1960 2750 120 2750 120 2751 119 2751 1959 2751 119 2752 124 2752 1959 2752 1959 2753 124 2753 1961 2753 124 2754 123 2754 1961 2754 1961 2755 123 2755 1962 2755 123 2756 122 2756 1962 2756 1962 2757 122 2757 1963 2757 122 2758 127 2758 1963 2758 1963 2759 127 2759 1964 2759 127 2760 126 2760 1964 2760 1964 2761 126 2761 1965 2761 126 2762 125 2762 1965 2762 1965 2763 125 2763 1966 2763 125 2764 130 2764 1966 2764 1966 2765 130 2765 1967 2765 130 2766 129 2766 1967 2766 1967 2767 129 2767 1968 2767 129 2768 128 2768 1968 2768 1968 2769 128 2769 1969 2769 128 2770 133 2770 1969 2770 1969 2771 133 2771 1970 2771 133 2772 132 2772 1970 2772 1970 2773 132 2773 1971 2773 132 2774 131 2774 1971 2774 1971 2775 131 2775 1972 2775 131 2776 136 2776 1972 2776 1972 2777 136 2777 1973 2777 136 2778 135 2778 1973 2778 1973 2779 135 2779 1974 2779 1732 2780 1727 2780 1975 2780 1976 2781 1977 2781 12 2781 12 2782 11 2782 1976 2782 11 2783 16 2783 1976 2783 1976 2784 16 2784 1978 2784 16 2785 15 2785 1978 2785 1978 2786 15 2786 1979 2786 15 2787 14 2787 1979 2787 1979 2788 14 2788 1980 2788 14 2789 19 2789 1980 2789 1980 2790 19 2790 1981 2790 19 2791 18 2791 1981 2791 1981 2792 18 2792 1982 2792 18 2793 17 2793 1982 2793 1982 2794 17 2794 1983 2794 17 2795 22 2795 1983 2795 1983 2796 22 2796 1984 2796 22 2797 21 2797 1984 2797 1984 2798 21 2798 1985 2798 21 2799 20 2799 1985 2799 1985 2800 20 2800 1986 2800 20 2801 25 2801 1986 2801 1986 2802 25 2802 1987 2802 25 2803 24 2803 1987 2803 1987 2804 24 2804 1988 2804 24 2805 23 2805 1988 2805 1988 2806 23 2806 1989 2806 23 2807 28 2807 1989 2807 1989 2808 28 2808 1990 2808 28 2809 27 2809 1990 2809 1990 2810 27 2810 1991 2810 1892 2811 1888 2811 1992 2811 1993 2812 1994 2812 48 2812 48 2813 47 2813 1993 2813 47 2814 52 2814 1993 2814 1993 2815 52 2815 1995 2815 52 2816 51 2816 1995 2816 1995 2817 51 2817 1996 2817 51 2818 50 2818 1996 2818 1996 2819 50 2819 1997 2819 50 2820 55 2820 1997 2820 1997 2821 55 2821 1998 2821 55 2822 54 2822 1998 2822 1998 2823 54 2823 1999 2823 54 2824 53 2824 1999 2824 1999 2825 53 2825 2000 2825 53 2826 58 2826 2000 2826 2000 2827 58 2827 2001 2827 58 2828 57 2828 2001 2828 2001 2829 57 2829 2002 2829 57 2830 56 2830 2002 2830 2002 2831 56 2831 2003 2831 56 2832 61 2832 2003 2832 2003 2833 61 2833 2004 2833 61 2834 60 2834 2004 2834 2004 2835 60 2835 2005 2835 60 2836 59 2836 2005 2836 2005 2837 59 2837 2006 2837 59 2838 64 2838 2006 2838 2006 2839 64 2839 2007 2839 64 2840 63 2840 2007 2840 2007 2841 63 2841 2008 2841 63 2842 62 2842 2008 2842 2008 2843 62 2843 2009 2843 62 2844 67 2844 2009 2844 2009 2845 67 2845 2010 2845 67 2846 66 2846 2010 2846 2010 2847 66 2847 2011 2847 66 2848 65 2848 2011 2848 2011 2849 65 2849 2012 2849 65 2850 70 2850 2012 2850 2012 2851 70 2851 2013 2851 70 2852 69 2852 2013 2852 2013 2853 69 2853 2014 2853 69 2854 68 2854 2014 2854 2014 2855 68 2855 2015 2855 68 2856 73 2856 2015 2856 2015 2857 73 2857 2016 2857 73 2858 72 2858 2016 2858 2016 2859 72 2859 2017 2859 72 2860 71 2860 2017 2860 2017 2861 71 2861 2018 2861 71 2862 76 2862 2018 2862 2018 2863 76 2863 1937 2863 76 2864 75 2864 1937 2864 1937 2865 75 2865 2019 2865 75 2866 74 2866 2019 2866 2019 2867 74 2867 2020 2867 74 2868 79 2868 2020 2868 2020 2869 79 2869 2021 2869 79 2870 78 2870 2021 2870 2021 2871 78 2871 2022 2871 78 2872 77 2872 2022 2872 2022 2873 77 2873 2023 2873 77 2874 82 2874 2023 2874 2023 2875 82 2875 2024 2875 82 2876 81 2876 2024 2876 2024 2877 81 2877 2025 2877 81 2878 80 2878 2025 2878 2025 2879 80 2879 2026 2879 80 2880 85 2880 2026 2880 2026 2881 85 2881 2027 2881 85 2882 84 2882 2027 2882 2027 2883 84 2883 2028 2883 84 2884 83 2884 2028 2884 2028 2885 83 2885 2029 2885 83 2886 88 2886 2029 2886 2029 2887 88 2887 2030 2887 88 2888 87 2888 2030 2888 2030 2889 87 2889 2031 2889 87 2890 86 2890 2031 2890 2031 2891 86 2891 2032 2891 86 2892 91 2892 2032 2892 2032 2893 91 2893 2033 2893 91 2894 90 2894 2033 2894 2033 2895 90 2895 2034 2895 90 2896 89 2896 2034 2896 2034 2897 89 2897 2035 2897 89 2898 94 2898 2035 2898 2035 2899 94 2899 2036 2899 94 2900 93 2900 2036 2900 2036 2901 93 2901 2037 2901 93 2902 92 2902 2037 2902 2037 2903 92 2903 2038 2903 92 2904 97 2904 2038 2904 2038 2905 97 2905 2039 2905 97 2906 96 2906 2039 2906 2039 2907 96 2907 2040 2907 96 2908 95 2908 2040 2908 2040 2909 95 2909 2041 2909 95 2910 100 2910 2041 2910 2041 2911 100 2911 2042 2911 100 2912 99 2912 2042 2912 2042 2913 99 2913 2043 2913 1633 2914 1653 2914 2044 2914 1991 2915 27 2915 1992 2915 27 2916 26 2916 1992 2916 1992 2917 26 2917 1892 2917 26 2918 31 2918 1892 2918 1892 2919 31 2919 1906 2919 31 2920 30 2920 1906 2920 1906 2921 30 2921 1907 2921 30 2922 29 2922 1907 2922 1907 2923 29 2923 1908 2923 29 2924 34 2924 1908 2924 1908 2925 34 2925 1909 2925 34 2926 33 2926 1909 2926 1909 2927 33 2927 1910 2927 33 2928 32 2928 1910 2928 1910 2929 32 2929 1893 2929 32 2930 37 2930 1893 2930 1893 2931 37 2931 1894 2931 37 2932 36 2932 1894 2932 1894 2933 36 2933 1895 2933 36 2934 35 2934 1895 2934 1895 2935 35 2935 1896 2935 35 2936 40 2936 1896 2936 1896 2937 40 2937 1898 2937 40 2938 39 2938 1898 2938 1898 2939 39 2939 1899 2939 39 2940 38 2940 1899 2940 1899 2941 38 2941 1901 2941 38 2942 43 2942 1901 2942 1901 2943 43 2943 1902 2943 43 2944 42 2944 1902 2944 1902 2945 42 2945 1900 2945 42 2946 41 2946 1900 2946 1900 2947 41 2947 1911 2947 41 2948 46 2948 1911 2948 1911 2949 46 2949 1903 2949 46 2950 45 2950 1903 2950 1903 2951 45 2951 1904 2951 45 2952 44 2952 1904 2952 1904 2953 44 2953 1905 2953 44 2954 49 2954 1905 2954 1905 2955 49 2955 1897 2955 49 2956 48 2956 1897 2956 1897 2957 48 2957 1891 2957 48 2958 1994 2958 1891 2958 1891 2959 1994 2959 1886 2959 1974 2960 135 2960 1975 2960 135 2961 134 2961 1975 2961 1975 2962 134 2962 1732 2962 134 2963 139 2963 1732 2963 1732 2964 139 2964 1733 2964 139 2965 138 2965 1733 2965 1733 2966 138 2966 1734 2966 138 2967 137 2967 1734 2967 1734 2968 137 2968 1735 2968 137 2969 142 2969 1735 2969 1735 2970 142 2970 1721 2970 142 2971 141 2971 1721 2971 1721 2972 141 2972 1719 2972 141 2973 140 2973 1719 2973 1719 2974 140 2974 1718 2974 140 2975 144 2975 1718 2975 1718 2976 144 2976 1722 2976 144 2977 143 2977 1722 2977 1722 2978 143 2978 1723 2978 143 2979 4 2979 1723 2979 1723 2980 4 2980 1724 2980 4 2981 3 2981 1724 2981 1724 2982 3 2982 1725 2982 3 2983 1 2983 1725 2983 1725 2984 1 2984 1726 2984 1 2985 0 2985 1726 2985 1726 2986 0 2986 1713 2986 0 2987 7 2987 1713 2987 1713 2988 7 2988 1714 2988 7 2989 6 2989 1714 2989 1714 2990 6 2990 1716 2990 6 2991 5 2991 1716 2991 1716 2992 5 2992 1717 2992 5 2993 10 2993 1717 2993 1717 2994 10 2994 1708 2994 10 2995 9 2995 1708 2995 1708 2996 9 2996 1709 2996 9 2997 8 2997 1709 2997 1709 2998 8 2998 1710 2998 8 2999 13 2999 1710 2999 1710 3000 13 3000 1711 3000 13 3001 12 3001 1711 3001 1711 3002 12 3002 1712 3002 12 3003 1977 3003 1712 3003 1712 3004 1977 3004 1702 3004 2043 3005 99 3005 2044 3005 99 3006 98 3006 2044 3006 2044 3007 98 3007 1633 3007 98 3008 103 3008 1633 3008 1633 3009 103 3009 1634 3009 103 3010 102 3010 1634 3010 1634 3011 102 3011 1636 3011 102 3012 101 3012 1636 3012 1636 3013 101 3013 1641 3013 101 3014 106 3014 1641 3014 1641 3015 106 3015 1638 3015 106 3016 105 3016 1638 3016 1638 3017 105 3017 1639 3017 105 3018 104 3018 1639 3018 1639 3019 104 3019 1651 3019 104 3020 109 3020 1651 3020 1651 3021 109 3021 1644 3021 109 3022 108 3022 1644 3022 1644 3023 108 3023 1642 3023 108 3024 107 3024 1642 3024 1642 3025 107 3025 1643 3025 107 3026 112 3026 1643 3026 1643 3027 112 3027 1645 3027 112 3028 111 3028 1645 3028 1645 3029 111 3029 1646 3029 111 3030 110 3030 1646 3030 1646 3031 110 3031 1649 3031 110 3032 115 3032 1649 3032 1649 3033 115 3033 1650 3033 115 3034 114 3034 1650 3034 1650 3035 114 3035 1647 3035 114 3036 113 3036 1647 3036 1647 3037 113 3037 1648 3037 113 3038 118 3038 1648 3038 1648 3039 118 3039 1652 3039 118 3040 117 3040 1652 3040 1652 3041 117 3041 1640 3041 117 3042 116 3042 1640 3042 1640 3043 116 3043 1637 3043 116 3044 121 3044 1637 3044 1637 3045 121 3045 1635 3045 121 3046 120 3046 1635 3046 1635 3047 120 3047 1933 3047 120 3048 1960 3048 1933 3048 1933 3049 1960 3049 1632 3049 2045 3050 1958 3050 1622 3050 1958 3051 1935 3051 1622 3051 1936 3052 1940 3052 1939 3052 2046 3053 2047 3053 2048 3053 1418 3054 1416 3054 2049 3054 2050 3055 2051 3055 2052 3055 1950 3056 1949 3056 1948 3056 1947 3057 1941 3057 2051 3057 1941 3058 2053 3058 2051 3058 2051 3059 2053 3059 2052 3059 2054 3060 2055 3060 2050 3060 1943 3061 1942 3061 2056 3061 2050 3062 2052 3062 2054 3062 2052 3063 2056 3063 2054 3063 2054 3064 2056 3064 2045 3064 2056 3065 1942 3065 2045 3065 2045 3066 1942 3066 1953 3066 1951 3067 1955 3067 1957 3067 1953 3068 1952 3068 2045 3068 1952 3069 1951 3069 2045 3069 2045 3070 1951 3070 1958 3070 1951 3071 1957 3071 1958 3071 1955 3072 1956 3072 1957 3072 1956 3073 1954 3073 1957 3073 1957 3074 1954 3074 2057 3074 1954 3075 1950 3075 2057 3075 1950 3076 1948 3076 2057 3076 2057 3077 1948 3077 2058 3077 1948 3078 1946 3078 2058 3078 2058 3079 1946 3079 2049 3079 1946 3080 1945 3080 2049 3080 2049 3081 1945 3081 2056 3081 1945 3082 1944 3082 2056 3082 2056 3083 1944 3083 1943 3083 2059 3084 2060 3084 2061 3084 2061 3085 2060 3085 2062 3085 2060 3086 2063 3086 2062 3086 2062 3087 2063 3087 2064 3087 2063 3088 2065 3088 2064 3088 2064 3089 2065 3089 2066 3089 2065 3090 2067 3090 2066 3090 2066 3091 2067 3091 2068 3091 2067 3092 2069 3092 2068 3092 2068 3093 2069 3093 2070 3093 2069 3094 2071 3094 2070 3094 2070 3095 2071 3095 2072 3095 2071 3096 2073 3096 2072 3096 2072 3097 2073 3097 2074 3097 2061 3098 2075 3098 2059 3098 2075 3099 2076 3099 2059 3099 2059 3100 2076 3100 2077 3100 2076 3101 2078 3101 2077 3101 2077 3102 2078 3102 2079 3102 2078 3103 2080 3103 2079 3103 2079 3104 2080 3104 2081 3104 2080 3105 2082 3105 2081 3105 2081 3106 2082 3106 2083 3106 2082 3107 2084 3107 2083 3107 2083 3108 2084 3108 2085 3108 2084 3109 2086 3109 2085 3109 2085 3110 2086 3110 2087 3110 2086 3111 2088 3111 2087 3111 2087 3112 2088 3112 2089 3112 2088 3113 2090 3113 2089 3113 2089 3114 2090 3114 2091 3114 2090 3115 2092 3115 2091 3115 2091 3116 2092 3116 2093 3116 2094 3117 2095 3117 2093 3117 2095 3118 2096 3118 2093 3118 2093 3119 2096 3119 2097 3119 2097 3120 2098 3120 2093 3120 2098 3121 2099 3121 2093 3121 2093 3122 2099 3122 2091 3122 2094 3123 2093 3123 2100 3123 2093 3124 2101 3124 2100 3124 2100 3125 2101 3125 2102 3125 232 3126 230 3126 2102 3126 212 3127 210 3127 2102 3127 424 3128 422 3128 2103 3128 250 3129 248 3129 1983 3129 180 3130 178 3130 2102 3130 178 3131 176 3131 2102 3131 2102 3132 176 3132 174 3132 174 3133 172 3133 2102 3133 172 3134 170 3134 2102 3134 2102 3135 170 3135 168 3135 168 3136 166 3136 2102 3136 166 3137 164 3137 2102 3137 2102 3138 164 3138 2100 3138 164 3139 162 3139 2100 3139 2100 3140 162 3140 160 3140 342 3141 340 3141 2104 3141 284 3142 282 3142 1992 3142 230 3143 228 3143 2102 3143 228 3144 226 3144 2102 3144 2102 3145 226 3145 224 3145 186 3146 184 3146 2102 3146 184 3147 182 3147 2102 3147 2102 3148 182 3148 180 3148 150 3149 2100 3149 152 3149 2100 3150 154 3150 152 3150 150 3151 148 3151 2100 3151 148 3152 146 3152 2100 3152 2100 3153 146 3153 432 3153 1986 3154 258 3154 1985 3154 258 3155 256 3155 1985 3155 1985 3156 256 3156 1984 3156 256 3157 254 3157 1984 3157 1984 3158 254 3158 1983 3158 254 3159 252 3159 1983 3159 1983 3160 252 3160 250 3160 2105 3161 240 3161 2102 3161 240 3162 238 3162 2102 3162 2102 3163 194 3163 192 3163 160 3164 158 3164 2100 3164 158 3165 156 3165 2100 3165 2100 3166 156 3166 154 3166 422 3167 420 3167 2103 3167 420 3168 418 3168 2103 3168 2103 3169 418 3169 2106 3169 418 3170 416 3170 2106 3170 402 3171 400 3171 2107 3171 400 3172 398 3172 2107 3172 2107 3173 398 3173 396 3173 340 3174 338 3174 2104 3174 338 3175 336 3175 2104 3175 2104 3176 336 3176 334 3176 302 3177 300 3177 2104 3177 300 3178 298 3178 2104 3178 2104 3179 298 3179 1992 3179 298 3180 296 3180 1992 3180 248 3181 246 3181 1983 3181 246 3182 244 3182 1983 3182 1983 3183 244 3183 242 3183 238 3184 236 3184 2102 3184 236 3185 234 3185 2102 3185 2102 3186 234 3186 232 3186 224 3187 222 3187 2102 3187 222 3188 220 3188 2102 3188 2102 3189 220 3189 218 3189 218 3190 216 3190 2102 3190 216 3191 214 3191 2102 3191 2102 3192 214 3192 212 3192 192 3193 190 3193 2102 3193 190 3194 188 3194 2102 3194 2102 3195 188 3195 186 3195 432 3196 430 3196 2100 3196 430 3197 428 3197 2100 3197 2100 3198 428 3198 2103 3198 428 3199 426 3199 2103 3199 2103 3200 426 3200 424 3200 416 3201 414 3201 2106 3201 414 3202 412 3202 2106 3202 2106 3203 412 3203 410 3203 2108 3204 352 3204 350 3204 334 3205 332 3205 2104 3205 332 3206 330 3206 2104 3206 2104 3207 330 3207 328 3207 328 3208 326 3208 2104 3208 326 3209 324 3209 2104 3209 2104 3210 324 3210 322 3210 2104 3211 316 3211 314 3211 296 3212 294 3212 1992 3212 294 3213 292 3213 1992 3213 1992 3214 292 3214 290 3214 290 3215 288 3215 1992 3215 288 3216 286 3216 1992 3216 1992 3217 286 3217 284 3217 282 3218 280 3218 1992 3218 280 3219 278 3219 1992 3219 1992 3220 278 3220 276 3220 276 3221 274 3221 1992 3221 274 3222 272 3222 1992 3222 1992 3223 272 3223 1991 3223 272 3224 270 3224 1991 3224 1991 3225 270 3225 1990 3225 270 3226 268 3226 1990 3226 1990 3227 268 3227 1989 3227 268 3228 266 3228 1989 3228 1989 3229 266 3229 1988 3229 266 3230 264 3230 1988 3230 1988 3231 264 3231 1987 3231 264 3232 262 3232 1987 3232 1987 3233 262 3233 1986 3233 262 3234 260 3234 1986 3234 1986 3235 260 3235 258 3235 204 3236 202 3236 2102 3236 202 3237 200 3237 2102 3237 410 3238 408 3238 2106 3238 408 3239 406 3239 2106 3239 2106 3240 406 3240 2107 3240 406 3241 404 3241 2107 3241 2107 3242 404 3242 402 3242 350 3243 348 3243 2108 3243 348 3244 346 3244 2108 3244 2108 3245 346 3245 2104 3245 346 3246 344 3246 2104 3246 2104 3247 344 3247 342 3247 322 3248 320 3248 2104 3248 320 3249 318 3249 2104 3249 2104 3250 318 3250 316 3250 314 3251 312 3251 2104 3251 312 3252 310 3252 2104 3252 2104 3253 310 3253 308 3253 308 3254 306 3254 2104 3254 306 3255 304 3255 2104 3255 2104 3256 304 3256 302 3256 210 3257 208 3257 2102 3257 208 3258 206 3258 2102 3258 2102 3259 206 3259 204 3259 200 3260 198 3260 2102 3260 198 3261 196 3261 2102 3261 2102 3262 196 3262 194 3262 388 3263 386 3263 2109 3263 386 3264 384 3264 2109 3264 2110 3265 376 3265 374 3265 2108 3266 366 3266 364 3266 364 3267 362 3267 2108 3267 362 3268 360 3268 2108 3268 2108 3269 360 3269 358 3269 358 3270 356 3270 2108 3270 356 3271 354 3271 2108 3271 2108 3272 354 3272 352 3272 384 3273 382 3273 2109 3273 382 3274 380 3274 2109 3274 2109 3275 380 3275 2110 3275 380 3276 378 3276 2110 3276 2110 3277 378 3277 376 3277 374 3278 372 3278 2110 3278 372 3279 370 3279 2110 3279 2110 3280 370 3280 2108 3280 370 3281 368 3281 2108 3281 2108 3282 368 3282 366 3282 396 3283 394 3283 2107 3283 394 3284 392 3284 2107 3284 2107 3285 392 3285 2109 3285 392 3286 390 3286 2109 3286 2109 3287 390 3287 388 3287 2111 3288 2112 3288 2113 3288 2114 3289 2115 3289 2116 3289 2111 3290 2113 3290 2117 3290 2104 3291 2118 3291 2108 3291 2118 3292 2113 3292 2108 3292 2108 3293 2113 3293 2119 3293 2113 3294 2112 3294 2119 3294 2116 3295 2115 3295 2120 3295 2115 3296 2121 3296 2120 3296 2120 3297 2121 3297 2122 3297 2121 3298 2123 3298 2122 3298 2122 3299 2123 3299 2124 3299 2123 3300 2125 3300 2124 3300 2124 3301 2125 3301 2126 3301 2125 3302 2127 3302 2126 3302 2126 3303 2127 3303 2128 3303 2127 3304 2129 3304 2128 3304 2128 3305 2129 3305 2130 3305 2129 3306 2131 3306 2130 3306 2130 3307 2131 3307 2132 3307 2131 3308 2133 3308 2132 3308 2133 3309 2134 3309 2132 3309 2132 3310 2134 3310 2113 3310 2134 3311 2135 3311 2113 3311 2113 3312 2135 3312 2117 3312 2136 3313 2137 3313 2138 3313 2116 3314 2139 3314 2114 3314 2139 3315 2140 3315 2114 3315 2114 3316 2140 3316 2141 3316 2140 3317 2142 3317 2141 3317 2141 3318 2142 3318 2143 3318 2142 3319 2144 3319 2143 3319 2143 3320 2144 3320 2145 3320 2144 3321 2146 3321 2145 3321 2145 3322 2146 3322 2147 3322 2146 3323 2148 3323 2147 3323 2147 3324 2148 3324 2149 3324 2148 3325 2150 3325 2149 3325 2149 3326 2150 3326 2151 3326 2150 3327 2152 3327 2151 3327 2151 3328 2152 3328 2153 3328 2152 3329 2154 3329 2153 3329 2153 3330 2154 3330 2155 3330 2154 3331 2156 3331 2155 3331 2155 3332 2156 3332 2157 3332 2156 3333 2138 3333 2157 3333 2157 3334 2138 3334 2158 3334 2138 3335 2137 3335 2158 3335 2159 3336 2160 3336 2161 3336 2161 3337 2162 3337 2159 3337 2162 3338 2163 3338 2159 3338 2159 3339 2163 3339 2136 3339 1546 3340 1544 3340 2159 3340 2159 3341 1560 3341 1558 3341 1558 3342 1556 3342 2159 3342 1556 3343 1554 3343 2159 3343 2159 3344 1554 3344 1552 3344 1552 3345 1550 3345 2159 3345 1550 3346 1548 3346 2159 3346 2159 3347 1548 3347 1546 3347 1534 3348 2159 3348 1536 3348 2159 3349 1538 3349 1536 3349 1476 3350 1474 3350 2164 3350 1474 3351 1472 3351 2164 3351 1544 3352 1542 3352 2159 3352 1542 3353 1540 3353 2159 3353 2159 3354 1540 3354 1538 3354 1488 3355 1486 3355 2165 3355 1482 3356 1480 3356 2164 3356 1480 3357 1478 3357 2164 3357 2164 3358 1478 3358 1476 3358 1566 3359 1564 3359 2159 3359 1564 3360 1562 3360 2159 3360 2159 3361 1562 3361 1560 3361 2160 3362 1504 3362 1502 3362 2165 3363 1486 3363 2164 3363 1486 3364 1484 3364 2164 3364 2164 3365 1484 3365 1482 3365 1534 3366 1532 3366 2159 3366 1532 3367 1530 3367 2159 3367 2159 3368 1530 3368 1528 3368 1528 3369 1526 3369 2159 3369 1526 3370 1524 3370 2159 3370 2159 3371 1524 3371 1522 3371 1510 3372 2160 3372 1512 3372 2160 3373 1514 3373 1512 3373 1510 3374 1508 3374 2160 3374 1508 3375 1506 3375 2160 3375 2160 3376 1506 3376 1504 3376 1494 3377 1492 3377 2165 3377 1492 3378 1490 3378 2165 3378 2165 3379 1490 3379 1488 3379 1522 3380 1520 3380 2159 3380 1520 3381 1518 3381 2159 3381 2159 3382 1518 3382 2160 3382 1518 3383 1516 3383 2160 3383 2160 3384 1516 3384 1514 3384 1502 3385 1500 3385 2160 3385 1500 3386 1498 3386 2160 3386 2160 3387 1498 3387 2165 3387 1498 3388 1496 3388 2165 3388 2165 3389 1496 3389 1494 3389 1464 3390 1462 3390 2047 3390 1472 3391 1470 3391 2164 3391 1470 3392 1468 3392 2164 3392 2164 3393 1468 3393 2047 3393 1468 3394 1466 3394 2047 3394 2047 3395 1466 3395 1464 3395 1446 3396 2047 3396 1448 3396 2047 3397 1450 3397 1448 3397 1462 3398 1460 3398 2047 3398 1460 3399 1458 3399 2047 3399 2047 3400 1458 3400 1456 3400 1456 3401 1454 3401 2047 3401 1454 3402 1452 3402 2047 3402 2047 3403 1452 3403 1450 3403 1432 3404 1430 3404 2048 3404 1430 3405 1428 3405 2048 3405 2048 3406 1428 3406 1426 3406 1446 3407 1444 3407 2047 3407 1444 3408 1442 3408 2047 3408 2047 3409 1442 3409 1440 3409 1440 3410 1438 3410 2047 3410 1438 3411 1436 3411 2047 3411 2047 3412 1436 3412 2048 3412 1436 3413 1434 3413 2048 3413 2048 3414 1434 3414 1432 3414 2048 3415 1420 3415 1418 3415 1426 3416 1424 3416 2048 3416 1424 3417 1422 3417 2048 3417 2048 3418 1422 3418 1420 3418 2166 3419 2167 3419 2048 3419 2168 3420 2169 3420 2048 3420 2169 3421 2170 3421 2048 3421 2048 3422 2170 3422 2046 3422 2167 3423 2171 3423 2048 3423 2171 3424 2172 3424 2048 3424 2048 3425 2172 3425 2168 3425 2173 3426 2174 3426 2175 3426 2175 3427 2176 3427 2173 3427 2176 3428 2177 3428 2173 3428 2173 3429 2177 3429 2048 3429 2177 3430 2178 3430 2048 3430 2048 3431 2178 3431 2166 3431 1288 3432 1286 3432 2173 3432 1286 3433 1284 3433 2173 3433 1180 3434 1178 3434 2179 3434 1296 3435 1294 3435 2173 3435 2180 3436 1044 3436 1042 3436 1294 3437 1292 3437 2173 3437 1292 3438 1290 3438 2173 3438 2173 3439 1290 3439 1288 3439 1284 3440 1282 3440 2173 3440 1282 3441 1280 3441 2173 3441 2173 3442 1280 3442 1278 3442 1146 3443 2181 3443 1148 3443 2181 3444 2182 3444 1148 3444 1146 3445 1144 3445 2181 3445 1144 3446 1142 3446 2181 3446 2181 3447 1142 3447 1140 3447 2180 3448 1018 3448 1016 3448 1278 3449 1276 3449 2173 3449 1276 3450 1274 3450 2173 3450 2173 3451 1274 3451 1272 3451 1178 3452 1176 3452 2179 3452 1176 3453 1174 3453 2179 3453 2179 3454 1174 3454 2183 3454 1154 3455 2182 3455 1156 3455 2182 3456 1158 3456 1156 3456 1154 3457 1152 3457 2182 3457 1152 3458 1150 3458 2182 3458 2182 3459 1150 3459 1148 3459 1042 3460 1040 3460 2180 3460 1040 3461 1038 3461 2180 3461 2180 3462 1038 3462 1036 3462 1024 3463 1022 3463 2180 3463 1022 3464 1020 3464 2180 3464 2180 3465 1020 3465 1018 3465 1016 3466 1014 3466 2180 3466 1014 3467 1012 3467 2180 3467 2180 3468 1012 3468 2173 3468 1012 3469 1010 3469 2173 3469 2173 3470 1010 3470 1296 3470 1174 3471 1172 3471 2183 3471 1172 3472 1170 3472 2183 3472 2183 3473 1170 3473 1168 3473 1214 3474 1212 3474 2174 3474 1188 3475 1186 3475 2184 3475 1186 3476 1184 3476 2184 3476 2184 3477 1184 3477 2179 3477 1184 3478 1182 3478 2179 3478 2179 3479 1182 3479 1180 3479 2183 3480 1162 3480 2182 3480 1162 3481 1160 3481 2182 3481 2182 3482 1160 3482 1158 3482 1140 3483 1138 3483 2181 3483 1138 3484 1136 3484 2181 3484 2181 3485 1136 3485 2185 3485 1136 3486 1134 3486 2185 3486 1134 3487 1132 3487 2185 3487 2185 3488 1132 3488 1130 3488 1122 3489 1120 3489 2186 3489 1120 3490 1118 3490 2186 3490 2186 3491 1118 3491 2187 3491 1118 3492 1116 3492 2187 3492 2187 3493 1116 3493 1114 3493 1036 3494 1034 3494 2180 3494 1034 3495 1032 3495 2180 3495 2180 3496 1032 3496 1030 3496 1030 3497 1028 3497 2180 3497 1028 3498 1026 3498 2180 3498 2180 3499 1026 3499 1024 3499 1272 3500 1270 3500 2173 3500 1270 3501 1268 3501 2173 3501 2173 3502 1268 3502 1266 3502 2174 3503 1198 3503 1196 3503 1168 3504 1166 3504 2183 3504 1166 3505 1164 3505 2183 3505 2183 3506 1164 3506 1162 3506 1130 3507 1128 3507 2185 3507 1128 3508 1126 3508 2185 3508 2185 3509 1126 3509 2186 3509 1126 3510 1124 3510 2186 3510 2186 3511 1124 3511 1122 3511 1266 3512 1264 3512 2173 3512 1264 3513 1262 3513 2173 3513 2173 3514 1262 3514 1260 3514 2173 3515 1254 3515 1252 3515 1252 3516 1250 3516 2173 3516 1250 3517 1248 3517 2173 3517 2173 3518 1248 3518 1246 3518 1246 3519 1244 3519 2173 3519 1244 3520 1242 3520 2173 3520 2173 3521 1242 3521 1240 3521 2174 3522 1206 3522 1204 3522 1260 3523 1258 3523 2173 3523 1258 3524 1256 3524 2173 3524 2173 3525 1256 3525 1254 3525 1212 3526 1210 3526 2174 3526 1210 3527 1208 3527 2174 3527 2174 3528 1208 3528 1206 3528 1204 3529 1202 3529 2174 3529 1202 3530 1200 3530 2174 3530 2174 3531 1200 3531 1198 3531 1196 3532 1194 3532 2174 3532 1194 3533 1192 3533 2174 3533 2174 3534 1192 3534 2184 3534 1192 3535 1190 3535 2184 3535 2184 3536 1190 3536 1188 3536 1066 3537 1064 3537 2180 3537 1064 3538 1062 3538 2180 3538 1056 3539 1054 3539 2180 3539 1054 3540 1052 3540 2180 3540 2180 3541 1052 3541 1050 3541 1240 3542 1238 3542 2173 3542 1238 3543 1236 3543 2173 3543 2173 3544 1236 3544 1234 3544 1226 3545 1224 3545 2174 3545 1224 3546 1222 3546 2174 3546 2174 3547 1222 3547 1220 3547 1220 3548 1218 3548 2174 3548 1218 3549 1216 3549 2174 3549 2174 3550 1216 3550 1214 3550 1114 3551 1112 3551 2187 3551 1112 3552 1110 3552 2187 3552 2187 3553 1110 3553 2188 3553 1104 3554 2189 3554 1106 3554 2189 3555 2188 3555 1106 3555 1106 3556 2188 3556 1108 3556 2188 3557 1110 3557 1108 3557 1062 3558 1060 3558 2180 3558 1060 3559 1058 3559 2180 3559 2180 3560 1058 3560 1056 3560 1050 3561 1048 3561 2180 3561 1048 3562 1046 3562 2180 3562 2180 3563 1046 3563 1044 3563 1234 3564 1232 3564 2173 3564 1232 3565 1230 3565 2173 3565 2173 3566 1230 3566 2174 3566 1230 3567 1228 3567 2174 3567 2174 3568 1228 3568 1226 3568 1104 3569 1102 3569 2189 3569 1102 3570 1100 3570 2189 3570 2189 3571 1100 3571 2190 3571 1100 3572 1098 3572 2190 3572 2190 3573 1098 3573 1096 3573 1096 3574 1094 3574 2190 3574 1094 3575 1092 3575 2190 3575 2190 3576 1092 3576 1090 3576 1090 3577 1088 3577 2190 3577 1088 3578 1086 3578 2190 3578 2190 3579 1086 3579 1084 3579 1076 3580 1074 3580 2180 3580 1074 3581 1072 3581 2180 3581 1082 3582 1080 3582 2180 3582 1080 3583 1078 3583 2180 3583 2180 3584 1078 3584 1076 3584 1072 3585 1070 3585 2180 3585 1070 3586 1068 3586 2180 3586 2180 3587 1068 3587 1066 3587 2191 3588 2192 3588 2180 3588 2192 3589 2193 3589 2180 3589 2193 3590 2194 3590 2180 3590 2194 3591 2195 3591 2180 3591 2180 3592 2195 3592 2196 3592 2196 3593 2197 3593 2180 3593 2197 3594 2198 3594 2180 3594 2180 3595 2198 3595 2199 3595 1084 3596 1082 3596 2190 3596 1082 3597 2180 3597 2190 3597 2190 3598 2180 3598 2200 3598 2180 3599 2199 3599 2200 3599 2180 3600 890 3600 888 3600 888 3601 886 3601 2180 3601 886 3602 884 3602 2180 3602 2180 3603 884 3603 882 3603 860 3604 858 3604 2191 3604 882 3605 880 3605 2180 3605 880 3606 878 3606 2180 3606 2180 3607 878 3607 876 3607 868 3608 866 3608 2191 3608 876 3609 874 3609 2180 3609 874 3610 872 3610 2180 3610 2180 3611 872 3611 2191 3611 872 3612 870 3612 2191 3612 2191 3613 870 3613 868 3613 866 3614 864 3614 2191 3614 864 3615 862 3615 2191 3615 2191 3616 862 3616 860 3616 858 3617 856 3617 2191 3617 856 3618 854 3618 2191 3618 2191 3619 854 3619 852 3619 852 3620 850 3620 2191 3620 850 3621 848 3621 2191 3621 2191 3622 848 3622 846 3622 840 3623 2201 3623 842 3623 2201 3624 2191 3624 842 3624 842 3625 2191 3625 844 3625 2191 3626 846 3626 844 3626 782 3627 780 3627 2202 3627 782 3628 2202 3628 784 3628 774 3629 772 3629 2202 3629 766 3630 764 3630 2202 3630 764 3631 762 3631 2202 3631 2202 3632 762 3632 760 3632 772 3633 770 3633 2202 3633 770 3634 768 3634 2202 3634 2202 3635 768 3635 766 3635 760 3636 758 3636 2202 3636 758 3637 756 3637 2202 3637 2202 3638 756 3638 754 3638 840 3639 838 3639 2201 3639 838 3640 836 3640 2201 3640 2201 3641 836 3641 834 3641 2203 3642 808 3642 806 3642 806 3643 804 3643 2203 3643 804 3644 802 3644 2203 3644 2203 3645 802 3645 800 3645 792 3646 790 3646 2202 3646 748 3647 746 3647 2202 3647 746 3648 744 3648 2202 3648 790 3649 788 3649 2202 3649 788 3650 786 3650 2202 3650 2202 3651 786 3651 784 3651 780 3652 778 3652 2202 3652 778 3653 776 3653 2202 3653 2202 3654 776 3654 774 3654 754 3655 752 3655 2202 3655 752 3656 750 3656 2202 3656 2202 3657 750 3657 748 3657 834 3658 832 3658 2201 3658 832 3659 830 3659 2201 3659 2201 3660 830 3660 828 3660 816 3661 2204 3661 818 3661 2204 3662 820 3662 818 3662 800 3663 798 3663 2203 3663 798 3664 796 3664 2203 3664 2203 3665 796 3665 794 3665 828 3666 826 3666 2201 3666 826 3667 824 3667 2201 3667 2201 3668 824 3668 2204 3668 824 3669 822 3669 2204 3669 2204 3670 822 3670 820 3670 816 3671 814 3671 2204 3671 814 3672 812 3672 2204 3672 2204 3673 812 3673 2203 3673 812 3674 810 3674 2203 3674 2203 3675 810 3675 808 3675 794 3676 792 3676 2203 3676 792 3677 2202 3677 2203 3677 2203 3678 2202 3678 2205 3678 2202 3679 2206 3679 2205 3679 2207 3680 2208 3680 2202 3680 2208 3681 2209 3681 2202 3681 2202 3682 2209 3682 2206 3682 2210 3683 2211 3683 2212 3683 2213 3684 2214 3684 2215 3684 2214 3685 2216 3685 2215 3685 2212 3686 2211 3686 2217 3686 2211 3687 2218 3687 2217 3687 2217 3688 2218 3688 2219 3688 2218 3689 2220 3689 2219 3689 2219 3690 2220 3690 2221 3690 2220 3691 2222 3691 2221 3691 2221 3692 2222 3692 2223 3692 2222 3693 2224 3693 2223 3693 2223 3694 2224 3694 2225 3694 2224 3695 2226 3695 2225 3695 2225 3696 2226 3696 2227 3696 2226 3697 2228 3697 2227 3697 2227 3698 2228 3698 2216 3698 2228 3699 2229 3699 2216 3699 2216 3700 2229 3700 2215 3700 2230 3701 2231 3701 2232 3701 2230 3702 2232 3702 2233 3702 2212 3703 2234 3703 2210 3703 2234 3704 2235 3704 2210 3704 2210 3705 2235 3705 2236 3705 2235 3706 2237 3706 2236 3706 2236 3707 2237 3707 2238 3707 2237 3708 2239 3708 2238 3708 2238 3709 2239 3709 2240 3709 2239 3710 2241 3710 2240 3710 2240 3711 2241 3711 2242 3711 2241 3712 2243 3712 2242 3712 2242 3713 2243 3713 2244 3713 2243 3714 2245 3714 2244 3714 2244 3715 2245 3715 2246 3715 2245 3716 2247 3716 2246 3716 2246 3717 2247 3717 2248 3717 2247 3718 2249 3718 2248 3718 2248 3719 2249 3719 2250 3719 2249 3720 2251 3720 2250 3720 2250 3721 2251 3721 2252 3721 2251 3722 2232 3722 2252 3722 2231 3723 2253 3723 2232 3723 2253 3724 2254 3724 2232 3724 2232 3725 2254 3725 2252 3725 2233 3726 2232 3726 2255 3726 2232 3727 2256 3727 2255 3727 2255 3728 2256 3728 2257 3728 2258 3729 2259 3729 2260 3729 2259 3730 2261 3730 2260 3730 2260 3731 2261 3731 2262 3731 656 3732 654 3732 2263 3732 636 3733 634 3733 1970 3733 1970 3734 622 3734 1969 3734 622 3735 620 3735 1969 3735 1969 3736 620 3736 1968 3736 720 3737 718 3737 2260 3737 718 3738 716 3738 2260 3738 716 3739 714 3739 2260 3739 714 3740 712 3740 2260 3740 2260 3741 712 3741 710 3741 620 3742 618 3742 1968 3742 618 3743 616 3743 1968 3743 1968 3744 616 3744 1967 3744 616 3745 614 3745 1967 3745 1967 3746 614 3746 1966 3746 486 3747 484 3747 2264 3747 484 3748 482 3748 2264 3748 474 3749 472 3749 2265 3749 472 3750 470 3750 2265 3750 2265 3751 470 3751 468 3751 438 3752 436 3752 2260 3752 436 3753 434 3753 2260 3753 2260 3754 434 3754 720 3754 634 3755 632 3755 1970 3755 632 3756 630 3756 1970 3756 1970 3757 630 3757 628 3757 592 3758 1960 3758 594 3758 1960 3759 596 3759 594 3759 462 3760 2266 3760 464 3760 2266 3761 2265 3761 464 3761 464 3762 2265 3762 466 3762 2265 3763 468 3763 466 3763 654 3764 652 3764 2263 3764 652 3765 650 3765 2263 3765 2263 3766 650 3766 648 3766 648 3767 646 3767 2263 3767 646 3768 644 3768 2263 3768 2263 3769 644 3769 642 3769 628 3770 626 3770 1970 3770 626 3771 624 3771 1970 3771 1970 3772 624 3772 622 3772 604 3773 1963 3773 1964 3773 582 3774 1960 3774 584 3774 1960 3775 586 3775 584 3775 520 3776 518 3776 2255 3776 518 3777 516 3777 2255 3777 482 3778 480 3778 2264 3778 480 3779 478 3779 2264 3779 2264 3780 478 3780 2265 3780 478 3781 476 3781 2265 3781 2265 3782 476 3782 474 3782 702 3783 700 3783 2258 3783 592 3784 590 3784 1960 3784 590 3785 588 3785 1960 3785 1960 3786 588 3786 586 3786 544 3787 542 3787 2257 3787 542 3788 540 3788 2257 3788 496 3789 494 3789 2267 3789 462 3790 460 3790 2266 3790 460 3791 458 3791 2266 3791 2266 3792 458 3792 456 3792 2268 3793 448 3793 446 3793 446 3794 444 3794 2268 3794 444 3795 442 3795 2268 3795 2268 3796 442 3796 2260 3796 442 3797 440 3797 2260 3797 2260 3798 440 3798 438 3798 710 3799 708 3799 2260 3799 708 3800 706 3800 2260 3800 2260 3801 706 3801 2258 3801 706 3802 704 3802 2258 3802 2258 3803 704 3803 702 3803 694 3804 692 3804 2258 3804 692 3805 690 3805 2258 3805 2258 3806 690 3806 688 3806 676 3807 674 3807 2258 3807 674 3808 672 3808 2258 3808 2258 3809 672 3809 670 3809 642 3810 640 3810 2263 3810 640 3811 638 3811 2263 3811 2263 3812 638 3812 636 3812 596 3813 1960 3813 598 3813 1960 3814 1959 3814 598 3814 598 3815 1959 3815 600 3815 1959 3816 1961 3816 600 3816 600 3817 1961 3817 1962 3817 582 3818 580 3818 1960 3818 580 3819 578 3819 1960 3819 1960 3820 578 3820 576 3820 576 3821 574 3821 1960 3821 574 3822 572 3822 1960 3822 1960 3823 572 3823 2257 3823 572 3824 570 3824 2257 3824 2257 3825 570 3825 568 3825 568 3826 566 3826 2257 3826 566 3827 564 3827 2257 3827 2257 3828 564 3828 562 3828 550 3829 548 3829 2257 3829 548 3830 546 3830 2257 3830 2257 3831 546 3831 544 3831 540 3832 538 3832 2257 3832 538 3833 536 3833 2257 3833 2257 3834 536 3834 534 3834 516 3835 514 3835 2255 3835 514 3836 512 3836 2255 3836 2255 3837 512 3837 510 3837 494 3838 492 3838 2267 3838 492 3839 490 3839 2267 3839 2267 3840 490 3840 2264 3840 490 3841 488 3841 2264 3841 2264 3842 488 3842 486 3842 700 3843 698 3843 2258 3843 698 3844 696 3844 2258 3844 2258 3845 696 3845 694 3845 614 3846 612 3846 1966 3846 612 3847 610 3847 1966 3847 1966 3848 610 3848 1965 3848 610 3849 608 3849 1965 3849 1965 3850 608 3850 1964 3850 608 3851 606 3851 1964 3851 1964 3852 606 3852 604 3852 1963 3853 604 3853 1962 3853 604 3854 602 3854 1962 3854 1962 3855 602 3855 600 3855 456 3856 454 3856 2266 3856 454 3857 452 3857 2266 3857 2266 3858 452 3858 2268 3858 452 3859 450 3859 2268 3859 2268 3860 450 3860 448 3860 688 3861 686 3861 2258 3861 686 3862 684 3862 2258 3862 2258 3863 684 3863 682 3863 682 3864 680 3864 2258 3864 680 3865 678 3865 2258 3865 2258 3866 678 3866 676 3866 562 3867 560 3867 2257 3867 560 3868 558 3868 2257 3868 2257 3869 558 3869 556 3869 556 3870 554 3870 2257 3870 554 3871 552 3871 2257 3871 2257 3872 552 3872 550 3872 534 3873 532 3873 2257 3873 532 3874 530 3874 2257 3874 2257 3875 530 3875 528 3875 510 3876 508 3876 2255 3876 508 3877 506 3877 2255 3877 2255 3878 506 3878 504 3878 504 3879 502 3879 2255 3879 502 3880 500 3880 2255 3880 2255 3881 500 3881 2267 3881 500 3882 498 3882 2267 3882 2267 3883 498 3883 496 3883 670 3884 668 3884 2258 3884 668 3885 666 3885 2258 3885 2258 3886 666 3886 2263 3886 666 3887 664 3887 2263 3887 2263 3888 664 3888 662 3888 662 3889 660 3889 2263 3889 660 3890 658 3890 2263 3890 2263 3891 658 3891 656 3891 528 3892 526 3892 2257 3892 526 3893 524 3893 2257 3893 2257 3894 524 3894 2255 3894 524 3895 522 3895 2255 3895 2255 3896 522 3896 520 3896 2073 3897 2269 3897 2074 3897 2269 3898 2270 3898 2074 3898 2074 3899 2270 3899 2261 3899 2270 3900 2271 3900 2261 3900 2261 3901 2271 3901 2272 3901 2272 3902 2273 3902 2261 3902 2273 3903 2274 3903 2261 3903 2261 3904 2274 3904 2262 3904 2136 3905 2138 3905 2159 3905 2138 3906 2275 3906 2159 3906 2159 3907 2275 3907 2276 3907 1300 3908 1298 3908 1994 3908 1298 3909 1584 3909 1994 3909 2276 3910 1576 3910 1574 3910 1306 3911 1304 3911 1994 3911 1304 3912 1302 3912 1994 3912 1994 3913 1302 3913 1300 3913 1584 3914 1582 3914 1994 3914 1582 3915 1580 3915 1994 3915 1994 3916 1580 3916 2276 3916 1580 3917 1578 3917 2276 3917 2276 3918 1578 3918 1576 3918 1574 3919 1572 3919 2276 3919 1572 3920 1570 3920 2276 3920 2276 3921 1570 3921 2159 3921 1570 3922 1568 3922 2159 3922 2159 3923 1568 3923 1566 3923 1996 3924 1997 3924 1314 3924 1312 3925 1310 3925 1994 3925 1310 3926 1308 3926 1994 3926 1994 3927 1308 3927 1306 3927 1996 3928 1314 3928 1995 3928 2002 3929 2058 3929 2001 3929 2058 3930 1316 3930 2001 3930 1997 3931 1998 3931 1314 3931 1998 3932 1999 3932 1314 3932 1314 3933 1999 3933 1316 3933 1999 3934 2000 3934 1316 3934 1316 3935 2000 3935 2001 3935 1312 3936 1994 3936 1314 3936 1994 3937 1993 3937 1314 3937 1314 3938 1993 3938 1995 3938 1416 3939 1414 3939 2049 3939 1414 3940 1412 3940 2049 3940 2049 3941 1412 3941 1410 3941 1384 3942 1382 3942 2049 3942 1382 3943 1380 3943 2049 3943 1326 3944 1324 3944 2058 3944 1324 3945 1322 3945 2058 3945 1380 3946 1378 3946 2049 3946 1378 3947 1376 3947 2049 3947 2049 3948 1376 3948 1374 3948 2058 3949 1346 3949 1344 3949 1338 3950 1336 3950 2058 3950 1336 3951 1334 3951 2058 3951 2058 3952 1334 3952 1332 3952 1322 3953 1320 3953 2058 3953 1320 3954 1318 3954 2058 3954 2058 3955 1318 3955 1316 3955 1410 3956 1408 3956 2049 3956 1408 3957 1406 3957 2049 3957 2049 3958 1406 3958 1404 3958 1362 3959 2058 3959 1364 3959 2058 3960 1366 3960 1364 3960 1344 3961 1342 3961 2058 3961 1342 3962 1340 3962 2058 3962 2058 3963 1340 3963 1338 3963 1332 3964 1330 3964 2058 3964 1330 3965 1328 3965 2058 3965 2058 3966 1328 3966 1326 3966 2049 3967 1392 3967 1390 3967 1356 3968 1354 3968 2058 3968 1354 3969 1352 3969 2058 3969 1390 3970 1388 3970 2049 3970 1388 3971 1386 3971 2049 3971 2049 3972 1386 3972 1384 3972 1374 3973 1372 3973 2049 3973 1372 3974 1370 3974 2049 3974 2049 3975 1370 3975 2058 3975 1370 3976 1368 3976 2058 3976 2058 3977 1368 3977 1366 3977 1362 3978 1360 3978 2058 3978 1360 3979 1358 3979 2058 3979 2058 3980 1358 3980 1356 3980 1352 3981 1350 3981 2058 3981 1350 3982 1348 3982 2058 3982 2058 3983 1348 3983 1346 3983 1404 3984 1402 3984 2049 3984 1402 3985 1400 3985 2049 3985 2049 3986 1400 3986 1398 3986 1398 3987 1396 3987 2049 3987 1396 3988 1394 3988 2049 3988 2049 3989 1394 3989 1392 3989 2213 3990 2207 3990 2214 3990 2207 3991 2202 3991 2214 3991 2214 3992 2202 3992 2277 3992 2202 3993 2278 3993 2277 3993 744 3994 742 3994 2202 3994 742 3995 740 3995 2202 3995 2202 3996 740 3996 2278 3996 2044 3997 726 3997 724 3997 724 3998 722 3998 2044 3998 722 3999 1008 3999 2044 3999 2044 4000 1008 4000 1006 4000 1006 4001 1004 4001 2044 4001 1004 4002 1002 4002 2044 4002 2044 4003 1002 4003 1000 4003 2041 4004 2042 4004 996 4004 2041 4005 996 4005 2040 4005 1000 4006 998 4006 2044 4006 998 4007 996 4007 2044 4007 2044 4008 996 4008 2043 4008 996 4009 2042 4009 2043 4009 740 4010 738 4010 2278 4010 738 4011 736 4011 2278 4011 2278 4012 736 4012 734 4012 734 4013 732 4013 2278 4013 732 4014 730 4014 2278 4014 2278 4015 730 4015 2044 4015 730 4016 728 4016 2044 4016 2044 4017 728 4017 726 4017 2035 4018 2036 4018 992 4018 2036 4019 2037 4019 992 4019 992 4020 2037 4020 994 4020 2037 4021 2038 4021 994 4021 994 4022 2038 4022 996 4022 2038 4023 2039 4023 996 4023 996 4024 2039 4024 2040 4024 908 4025 906 4025 2052 4025 906 4026 904 4026 2052 4026 904 4027 902 4027 2052 4027 902 4028 900 4028 2052 4028 2052 4029 900 4029 898 4029 898 4030 896 4030 2052 4030 896 4031 894 4031 2052 4031 2052 4032 894 4032 892 4032 2053 4033 992 4033 990 4033 980 4034 2053 4034 982 4034 2053 4035 984 4035 982 4035 950 4036 948 4036 2053 4036 948 4037 946 4037 2053 4037 2053 4038 946 4038 944 4038 990 4039 988 4039 2053 4039 988 4040 986 4040 2053 4040 2053 4041 986 4041 984 4041 980 4042 978 4042 2053 4042 978 4043 976 4043 2053 4043 2053 4044 976 4044 974 4044 962 4045 960 4045 2053 4045 960 4046 958 4046 2053 4046 2053 4047 958 4047 956 4047 956 4048 954 4048 2053 4048 954 4049 952 4049 2053 4049 2053 4050 952 4050 950 4050 936 4051 934 4051 2052 4051 934 4052 932 4052 2052 4052 2052 4053 932 4053 930 4053 924 4054 922 4054 2052 4054 922 4055 920 4055 2052 4055 920 4056 918 4056 2052 4056 918 4057 916 4057 2052 4057 2052 4058 916 4058 914 4058 974 4059 972 4059 2053 4059 972 4060 970 4060 2053 4060 2053 4061 970 4061 968 4061 944 4062 942 4062 2053 4062 942 4063 940 4063 2053 4063 2053 4064 940 4064 2052 4064 940 4065 938 4065 2052 4065 2052 4066 938 4066 936 4066 914 4067 912 4067 2052 4067 912 4068 910 4068 2052 4068 2052 4069 910 4069 908 4069 968 4070 966 4070 2053 4070 966 4071 964 4071 2053 4071 2053 4072 964 4072 962 4072 930 4073 928 4073 2052 4073 928 4074 926 4074 2052 4074 2052 4075 926 4075 924 4075 2035 4076 992 4076 2034 4076 992 4077 2053 4077 2034 4077 2034 4078 2053 4078 2033 4078 1936 4079 1937 4079 2019 4079 2029 4080 2030 4080 2053 4080 1941 4081 1940 4081 2024 4081 2029 4082 2053 4082 2028 4082 2021 4083 2022 4083 1940 4083 2022 4084 2023 4084 1940 4084 1940 4085 2023 4085 2024 4085 2024 4086 2025 4086 1941 4086 2025 4087 2026 4087 1941 4087 1941 4088 2026 4088 2053 4088 2026 4089 2027 4089 2053 4089 2053 4090 2027 4090 2028 4090 2030 4091 2031 4091 2053 4091 2031 4092 2032 4092 2053 4092 2053 4093 2032 4093 2033 4093 1936 4094 2019 4094 1940 4094 2019 4095 2020 4095 1940 4095 1940 4096 2020 4096 2021 4096 1957 4097 2018 4097 1938 4097 2018 4098 1937 4098 1938 4098 2012 4099 2013 4099 2057 4099 2013 4100 2014 4100 2057 4100 2014 4101 2015 4101 2057 4101 2015 4102 2016 4102 2057 4102 2057 4103 2016 4103 1957 4103 2016 4104 2017 4104 1957 4104 1957 4105 2017 4105 2018 4105 2002 4106 2003 4106 2058 4106 2003 4107 2004 4107 2058 4107 2058 4108 2004 4108 2005 4108 2005 4109 2006 4109 2058 4109 2006 4110 2007 4110 2058 4110 2058 4111 2007 4111 2008 4111 2008 4112 2009 4112 2058 4112 2009 4113 2010 4113 2058 4113 2058 4114 2010 4114 2057 4114 2010 4115 2011 4115 2057 4115 2057 4116 2011 4116 2012 4116 1978 4117 2105 4117 1976 4117 2105 4118 1977 4118 1976 4118 1978 4119 1979 4119 2105 4119 1979 4120 1980 4120 2105 4120 2105 4121 1980 4121 1981 4121 242 4122 240 4122 1983 4122 240 4123 2105 4123 1983 4123 1983 4124 2105 4124 1982 4124 2105 4125 1981 4125 1982 4125 1972 4126 1973 4126 2263 4126 1973 4127 1974 4127 2263 4127 2263 4128 1974 4128 1975 4128 636 4129 1970 4129 2263 4129 1970 4130 1971 4130 2263 4130 2263 4131 1971 4131 1972 4131 1418 4132 2049 4132 2048 4132 2049 4133 2056 4133 2048 4133 2048 4134 2056 4134 2173 4134 2056 4135 2052 4135 2173 4135 2173 4136 2052 4136 2180 4136 2052 4137 892 4137 2180 4137 2180 4138 892 4138 890 4138 2054 4139 2045 4139 1620 4139 2045 4140 1622 4140 1620 4140 2055 4141 2054 4141 1619 4141 2054 4142 1620 4142 1619 4142 2050 4143 2055 4143 1618 4143 2055 4144 1619 4144 1618 4144 1627 4145 2051 4145 1629 4145 2051 4146 2050 4146 1629 4146 1629 4147 2050 4147 1618 4147 1960 4148 2257 4148 1632 4148 2257 4149 1658 4149 1632 4149 2278 4150 2044 4150 1655 4150 2044 4151 1653 4151 1655 4151 2102 4152 1704 4152 2105 4152 1704 4153 1702 4153 2105 4153 2105 4154 1702 4154 1977 4154 1728 4155 2258 4155 1727 4155 2258 4156 2263 4156 1727 4156 1727 4157 2263 4157 1975 4157 1994 4158 2276 4158 1886 4158 2276 4159 1887 4159 1886 4159 2104 4160 1992 4160 1889 4160 1992 4161 1888 4161 1889 4161 1624 4162 1947 4162 1625 4162 1947 4163 2051 4163 1625 4163 1625 4164 2051 4164 1627 4164 2278 4165 1655 4165 2277 4165 1655 4166 1700 4166 2277 4166 2277 4167 1700 4167 2214 4167 1700 4168 1699 4168 2214 4168 2214 4169 1699 4169 2216 4169 1699 4170 1697 4170 2216 4170 2216 4171 1697 4171 2227 4171 1697 4172 1695 4172 2227 4172 2227 4173 1695 4173 2225 4173 1695 4174 1693 4174 2225 4174 2225 4175 1693 4175 2223 4175 1693 4176 1691 4176 2223 4176 2223 4177 1691 4177 2221 4177 1691 4178 1689 4178 2221 4178 2221 4179 1689 4179 2219 4179 1689 4180 1687 4180 2219 4180 2219 4181 1687 4181 2217 4181 1687 4182 1685 4182 2217 4182 2217 4183 1685 4183 2212 4183 1685 4184 1683 4184 2212 4184 2212 4185 1683 4185 2234 4185 1683 4186 1681 4186 2234 4186 2234 4187 1681 4187 2235 4187 1681 4188 1680 4188 2235 4188 2235 4189 1680 4189 2237 4189 1680 4190 1678 4190 2237 4190 2237 4191 1678 4191 2239 4191 1678 4192 1676 4192 2239 4192 2239 4193 1676 4193 2241 4193 1676 4194 1674 4194 2241 4194 2241 4195 1674 4195 2243 4195 1674 4196 1672 4196 2243 4196 2243 4197 1672 4197 2245 4197 1672 4198 1670 4198 2245 4198 2245 4199 1670 4199 2247 4199 1670 4200 1668 4200 2247 4200 2247 4201 1668 4201 2249 4201 1668 4202 1666 4202 2249 4202 2249 4203 1666 4203 2251 4203 1666 4204 1664 4204 2251 4204 2251 4205 1664 4205 2232 4205 1664 4206 1662 4206 2232 4206 2232 4207 1662 4207 2256 4207 1662 4208 1660 4208 2256 4208 2256 4209 1660 4209 2257 4209 1660 4210 1658 4210 2257 4210 1659 4211 1661 4211 2252 4211 1661 4212 1663 4212 2252 4212 2252 4213 1663 4213 2250 4213 1663 4214 1665 4214 2250 4214 2250 4215 1665 4215 2248 4215 1665 4216 1667 4216 2248 4216 2248 4217 1667 4217 2246 4217 1667 4218 1669 4218 2246 4218 2246 4219 1669 4219 2244 4219 1669 4220 1671 4220 2244 4220 2244 4221 1671 4221 2242 4221 1671 4222 1673 4222 2242 4222 2242 4223 1673 4223 2240 4223 1673 4224 1675 4224 2240 4224 2240 4225 1675 4225 2238 4225 1675 4226 1677 4226 2238 4226 2238 4227 1677 4227 2236 4227 1677 4228 1679 4228 2236 4228 2236 4229 1679 4229 2210 4229 1679 4230 1682 4230 2210 4230 2210 4231 1682 4231 2211 4231 1682 4232 1684 4232 2211 4232 2211 4233 1684 4233 2218 4233 1684 4234 1686 4234 2218 4234 2218 4235 1686 4235 2220 4235 1686 4236 1688 4236 2220 4236 2220 4237 1688 4237 2222 4237 1688 4238 1690 4238 2222 4238 2222 4239 1690 4239 2224 4239 1690 4240 1692 4240 2224 4240 2224 4241 1692 4241 2226 4241 1692 4242 1694 4242 2226 4242 2226 4243 1694 4243 2228 4243 1694 4244 1696 4244 2228 4244 2228 4245 1696 4245 2229 4245 1696 4246 1698 4246 2229 4246 2229 4247 1698 4247 2215 4247 1698 4248 1656 4248 2215 4248 2215 4249 1656 4249 2213 4249 1656 4250 1758 4250 2213 4250 2213 4251 1758 4251 2207 4251 1758 4252 1763 4252 2207 4252 2207 4253 1763 4253 2208 4253 1763 4254 1759 4254 2208 4254 2208 4255 1759 4255 2209 4255 1759 4256 1760 4256 2209 4256 2209 4257 1760 4257 2206 4257 1760 4258 1764 4258 2206 4258 2206 4259 1764 4259 2205 4259 1764 4260 1761 4260 2205 4260 2205 4261 1761 4261 2203 4261 1761 4262 1765 4262 2203 4262 2203 4263 1765 4263 2204 4263 1765 4264 1762 4264 2204 4264 2204 4265 1762 4265 2201 4265 1762 4266 1766 4266 2201 4266 2201 4267 1766 4267 2191 4267 1766 4268 1771 4268 2191 4268 2191 4269 1771 4269 2192 4269 1771 4270 1770 4270 2192 4270 2192 4271 1770 4271 2193 4271 1770 4272 1769 4272 2193 4272 2193 4273 1769 4273 2194 4273 1769 4274 1768 4274 2194 4274 2194 4275 1768 4275 2195 4275 1768 4276 1767 4276 2195 4276 2195 4277 1767 4277 2196 4277 1767 4278 1589 4278 2196 4278 2196 4279 1589 4279 2197 4279 1589 4280 1780 4280 2197 4280 2197 4281 1780 4281 2198 4281 1780 4282 1779 4282 2198 4282 2198 4283 1779 4283 2199 4283 1779 4284 1778 4284 2199 4284 2199 4285 1778 4285 2200 4285 1778 4286 1777 4286 2200 4286 2200 4287 1777 4287 2190 4287 1777 4288 1776 4288 2190 4288 2190 4289 1776 4289 2189 4289 1776 4290 1775 4290 2189 4290 2189 4291 1775 4291 2188 4291 1775 4292 1774 4292 2188 4292 2188 4293 1774 4293 2187 4293 1774 4294 1773 4294 2187 4294 2187 4295 1773 4295 2186 4295 1773 4296 1785 4296 2186 4296 2186 4297 1785 4297 2185 4297 1785 4298 1782 4298 2185 4298 2185 4299 1782 4299 2181 4299 1782 4300 1783 4300 2181 4300 2181 4301 1783 4301 2182 4301 1783 4302 1784 4302 2182 4302 2182 4303 1784 4303 2183 4303 1784 4304 1786 4304 2183 4304 2183 4305 1786 4305 2179 4305 1786 4306 1788 4306 2179 4306 2179 4307 1788 4307 2184 4307 1788 4308 1795 4308 2184 4308 2184 4309 1795 4309 2174 4309 1795 4310 1794 4310 2174 4310 2174 4311 1794 4311 2175 4311 1794 4312 1793 4312 2175 4312 2175 4313 1793 4313 2176 4313 1793 4314 1792 4314 2176 4314 2176 4315 1792 4315 2177 4315 1792 4316 1789 4316 2177 4316 2177 4317 1789 4317 2178 4317 1789 4318 1790 4318 2178 4318 2178 4319 1790 4319 2166 4319 1790 4320 1803 4320 2166 4320 2166 4321 1803 4321 2167 4321 1803 4322 1802 4322 2167 4322 2167 4323 1802 4323 2171 4323 1802 4324 1801 4324 2171 4324 2171 4325 1801 4325 2172 4325 1801 4326 1800 4326 2172 4326 2172 4327 1800 4327 2168 4327 1800 4328 1799 4328 2168 4328 2168 4329 1799 4329 2169 4329 1799 4330 1796 4330 2169 4330 2169 4331 1796 4331 2170 4331 1796 4332 1797 4332 2170 4332 2170 4333 1797 4333 2046 4333 1797 4334 1798 4334 2046 4334 2046 4335 1798 4335 2047 4335 1798 4336 1804 4336 2047 4336 2047 4337 1804 4337 2164 4337 1804 4338 1806 4338 2164 4338 2164 4339 1806 4339 2165 4339 1806 4340 1807 4340 2165 4340 2165 4341 1807 4341 2160 4341 1807 4342 1811 4342 2160 4342 2160 4343 1811 4343 2161 4343 1811 4344 1810 4344 2161 4344 2161 4345 1810 4345 2162 4345 1810 4346 1809 4346 2162 4346 2162 4347 1809 4347 2163 4347 1809 4348 1808 4348 2163 4348 2163 4349 1808 4349 2136 4349 1808 4350 1812 4350 2136 4350 2136 4351 1812 4351 2137 4351 1812 4352 1813 4352 2137 4352 2137 4353 1813 4353 2158 4353 1813 4354 1814 4354 2158 4354 2158 4355 1814 4355 2157 4355 1814 4356 1815 4356 2157 4356 2157 4357 1815 4357 2155 4357 1815 4358 1817 4358 2155 4358 2155 4359 1817 4359 2153 4359 1817 4360 1819 4360 2153 4360 2153 4361 1819 4361 2151 4361 1819 4362 1821 4362 2151 4362 2151 4363 1821 4363 2149 4363 1821 4364 1823 4364 2149 4364 2149 4365 1823 4365 2147 4365 1823 4366 1825 4366 2147 4366 2147 4367 1825 4367 2145 4367 1825 4368 1827 4368 2145 4368 2145 4369 1827 4369 2143 4369 1827 4370 1829 4370 2143 4370 2143 4371 1829 4371 2141 4371 1829 4372 1831 4372 2141 4372 2141 4373 1831 4373 2114 4373 1831 4374 1839 4374 2114 4374 2114 4375 1839 4375 2115 4375 1839 4376 1841 4376 2115 4376 2115 4377 1841 4377 2121 4377 1841 4378 1843 4378 2121 4378 2121 4379 1843 4379 2123 4379 1843 4380 1845 4380 2123 4380 2123 4381 1845 4381 2125 4381 1845 4382 1847 4382 2125 4382 2125 4383 1847 4383 2127 4383 1847 4384 1849 4384 2127 4384 2127 4385 1849 4385 2129 4385 1849 4386 1851 4386 2129 4386 2129 4387 1851 4387 2131 4387 1851 4388 1853 4388 2131 4388 2131 4389 1853 4389 2133 4389 1853 4390 1855 4390 2133 4390 2133 4391 1855 4391 2134 4391 1855 4392 1857 4392 2134 4392 2134 4393 1857 4393 2135 4393 1857 4394 1858 4394 2135 4394 2135 4395 1858 4395 2117 4395 1858 4396 1836 4396 2117 4396 2117 4397 1836 4397 2111 4397 1836 4398 1835 4398 2111 4398 2111 4399 1835 4399 2112 4399 1835 4400 1833 4400 2112 4400 2112 4401 1833 4401 2119 4401 1833 4402 1832 4402 2119 4402 2119 4403 1832 4403 2108 4403 1832 4404 1864 4404 2108 4404 2108 4405 1864 4405 2110 4405 1864 4406 1863 4406 2110 4406 2110 4407 1863 4407 2109 4407 1863 4408 1860 4408 2109 4408 2109 4409 1860 4409 2107 4409 1860 4410 1861 4410 2107 4410 2107 4411 1861 4411 2106 4411 1861 4412 1859 4412 2106 4412 2106 4413 1859 4413 2103 4413 1859 4414 1862 4414 2103 4414 2103 4415 1862 4415 2100 4415 1862 4416 1884 4416 2100 4416 2100 4417 1884 4417 2094 4417 1884 4418 1883 4418 2094 4418 2094 4419 1883 4419 2095 4419 1883 4420 1866 4420 2095 4420 2095 4421 1866 4421 2096 4421 1866 4422 1865 4422 2096 4422 2096 4423 1865 4423 2097 4423 1865 4424 1882 4424 2097 4424 2097 4425 1882 4425 2098 4425 1882 4426 1881 4426 2098 4426 2098 4427 1881 4427 2099 4427 1881 4428 1880 4428 2099 4428 2099 4429 1880 4429 2091 4429 1880 4430 1878 4430 2091 4430 2091 4431 1878 4431 2089 4431 1878 4432 1876 4432 2089 4432 2089 4433 1876 4433 2087 4433 1876 4434 1874 4434 2087 4434 2087 4435 1874 4435 2085 4435 1874 4436 1872 4436 2085 4436 2085 4437 1872 4437 2083 4437 1872 4438 1870 4438 2083 4438 2083 4439 1870 4439 2081 4439 1870 4440 1868 4440 2081 4440 2081 4441 1868 4441 2079 4441 1868 4442 1737 4442 2079 4442 2079 4443 1737 4443 2077 4443 1737 4444 1736 4444 2077 4444 2077 4445 1736 4445 2059 4445 1736 4446 1915 4446 2059 4446 2059 4447 1915 4447 2060 4447 1915 4448 1917 4448 2060 4448 2060 4449 1917 4449 2063 4449 1917 4450 1919 4450 2063 4450 2063 4451 1919 4451 2065 4451 1919 4452 1921 4452 2065 4452 2065 4453 1921 4453 2067 4453 1921 4454 1923 4454 2067 4454 2067 4455 1923 4455 2069 4455 1923 4456 1925 4456 2069 4456 2069 4457 1925 4457 2071 4457 1925 4458 1927 4458 2071 4458 2071 4459 1927 4459 2073 4459 1927 4460 1929 4460 2073 4460 2073 4461 1929 4461 2269 4461 1929 4462 1931 4462 2269 4462 2269 4463 1931 4463 2270 4463 1931 4464 1744 4464 2270 4464 2270 4465 1744 4465 2271 4465 1744 4466 1743 4466 2271 4466 2271 4467 1743 4467 2272 4467 1743 4468 1742 4468 2272 4468 2272 4469 1742 4469 2273 4469 1742 4470 1740 4470 2273 4470 2273 4471 1740 4471 2274 4471 1740 4472 1739 4472 2274 4472 2274 4473 1739 4473 2262 4473 1739 4474 1747 4474 2262 4474 2262 4475 1747 4475 2260 4475 1747 4476 1749 4476 2260 4476 2260 4477 1749 4477 2268 4477 1749 4478 1745 4478 2268 4478 2268 4479 1745 4479 2266 4479 1745 4480 1746 4480 2266 4480 2266 4481 1746 4481 2265 4481 1746 4482 1748 4482 2265 4482 2265 4483 1748 4483 2264 4483 1748 4484 1750 4484 2264 4484 2264 4485 1750 4485 2267 4485 1750 4486 1753 4486 2267 4486 2267 4487 1753 4487 2255 4487 1753 4488 1754 4488 2255 4488 2255 4489 1754 4489 2233 4489 1754 4490 1751 4490 2233 4490 2233 4491 1751 4491 2230 4491 1751 4492 1752 4492 2230 4492 2230 4493 1752 4493 2231 4493 1752 4494 1755 4494 2231 4494 2231 4495 1755 4495 2253 4495 1755 4496 1756 4496 2253 4496 2253 4497 1756 4497 2254 4497 1756 4498 1659 4498 2254 4498 2254 4499 1659 4499 2252 4499 2258 4500 1728 4500 2259 4500 1728 4501 1730 4501 2259 4501 2259 4502 1730 4502 2261 4502 1730 4503 1731 4503 2261 4503 2261 4504 1731 4504 2074 4504 1731 4505 1930 4505 2074 4505 2074 4506 1930 4506 2072 4506 1930 4507 1928 4507 2072 4507 2072 4508 1928 4508 2070 4508 1928 4509 1926 4509 2070 4509 2070 4510 1926 4510 2068 4510 1926 4511 1924 4511 2068 4511 2068 4512 1924 4512 2066 4512 1924 4513 1922 4513 2066 4513 2066 4514 1922 4514 2064 4514 1922 4515 1920 4515 2064 4515 2064 4516 1920 4516 2062 4516 1920 4517 1918 4517 2062 4517 2062 4518 1918 4518 2061 4518 1918 4519 1916 4519 2061 4519 2061 4520 1916 4520 2075 4520 1916 4521 1914 4521 2075 4521 2075 4522 1914 4522 2076 4522 1914 4523 1913 4523 2076 4523 2076 4524 1913 4524 2078 4524 1913 4525 1738 4525 2078 4525 2078 4526 1738 4526 2080 4526 1738 4527 1867 4527 2080 4527 2080 4528 1867 4528 2082 4528 1867 4529 1869 4529 2082 4529 2082 4530 1869 4530 2084 4530 1869 4531 1871 4531 2084 4531 2084 4532 1871 4532 2086 4532 1871 4533 1873 4533 2086 4533 2086 4534 1873 4534 2088 4534 1873 4535 1875 4535 2088 4535 2088 4536 1875 4536 2090 4536 1875 4537 1877 4537 2090 4537 2090 4538 1877 4538 2092 4538 1877 4539 1879 4539 2092 4539 2092 4540 1879 4540 2093 4540 1879 4541 1707 4541 2093 4541 2093 4542 1707 4542 2101 4542 1707 4543 1706 4543 2101 4543 2101 4544 1706 4544 2102 4544 1706 4545 1704 4545 2102 4545 2104 4546 1889 4546 2118 4546 1889 4547 1890 4547 2118 4547 2118 4548 1890 4548 2113 4548 1890 4549 1856 4549 2113 4549 2113 4550 1856 4550 2132 4550 1856 4551 1854 4551 2132 4551 2132 4552 1854 4552 2130 4552 1854 4553 1852 4553 2130 4553 2130 4554 1852 4554 2128 4554 1852 4555 1850 4555 2128 4555 2128 4556 1850 4556 2126 4556 1850 4557 1848 4557 2126 4557 2126 4558 1848 4558 2124 4558 1848 4559 1846 4559 2124 4559 2124 4560 1846 4560 2122 4560 1846 4561 1844 4561 2122 4561 2122 4562 1844 4562 2120 4562 1844 4563 1842 4563 2120 4563 2120 4564 1842 4564 2116 4564 1842 4565 1840 4565 2116 4565 2116 4566 1840 4566 2139 4566 1840 4567 1838 4567 2139 4567 2139 4568 1838 4568 2140 4568 1838 4569 1837 4569 2140 4569 2140 4570 1837 4570 2142 4570 1837 4571 1830 4571 2142 4571 2142 4572 1830 4572 2144 4572 1830 4573 1828 4573 2144 4573 2144 4574 1828 4574 2146 4574 1828 4575 1826 4575 2146 4575 2146 4576 1826 4576 2148 4576 1826 4577 1824 4577 2148 4577 2148 4578 1824 4578 2150 4578 1824 4579 1822 4579 2150 4579 2150 4580 1822 4580 2152 4580 1822 4581 1820 4581 2152 4581 2152 4582 1820 4582 2154 4582 1820 4583 1818 4583 2154 4583 2154 4584 1818 4584 2156 4584 1818 4585 1816 4585 2156 4585 2156 4586 1816 4586 2138 4586 1816 4587 1587 4587 2138 4587 2138 4588 1587 4588 2275 4588 1587 4589 1586 4589 2275 4589 2275 4590 1586 4590 2276 4590 1586 4591 1887 4591 2276 4591 1953 4592 1942 4592 1600 4592 1942 4593 1595 4593 1600 4593</p>
        </triangles>
      </mesh>
    </geometry>
  </library_geometries>
  <library_visual_scenes>
    <visual_scene id="Scene" name="Scene">
      <node id="ATI_mount_-_Part_1" name="ATI mount - Part 1" type="NODE">
        <matrix sid="transform">1 0 0 0 0 1 0 0 0 0 1 0 0 0 0 1</matrix>
        <instance_geometry url="#ATI_mount_-_Part_1-mesh" name="ATI mount - Part 1"/>
      </node>
      <node id="Camera" name="Camera" type="NODE">
        <matrix sid="transform">0.6859207 -0.3240135 0.6515582 7.358891 0.7276763 0.3054208 -0.6141704 -6.925791 0 0.8953956 0.4452714 4.958309 0 0 0 1</matrix>
        <instance_camera url="#Camera-camera"/>
      </node>
      <node id="Light" name="Light" type="NODE">
        <matrix sid="transform">-0.2908646 -0.7711008 0.5663932 4.076245 0.9551712 -0.1998834 0.2183912 1.005454 -0.05518906 0.6045247 0.7946723 5.903862 0 0 0 1</matrix>
        <instance_light url="#Light-light"/>
      </node>
    </visual_scene>
  </library_visual_scenes>
  <scene>
    <instance_visual_scene url="#Scene"/>
  </scene>
</COLLADA>